{"stats":{"minecraft:mined":{"minecraft:short_grass":2,"minecraft:gravel":7,"minecraft:dirt":6},"minecraft:picked_up":{"minecraft:wheat_seeds":2,"minecraft:gravel":6,"minecraft:flint":2,"minecraft:dirt":6,"minecraft:cobblestone":11},"minecraft:custom":{"minecraft:time_since_rest":299,"minecraft:crouch_one_cm":4,"minecraft:sprint_one_cm":41009,"minecraft:play_time":11423,"minecraft:walk_one_cm":45889,"minecraft:damage_taken":486,"minecraft:deaths":2,"minecraft:sneak_time":19,"minecraft:jump":501,"minecraft:damage_dealt":55,"minecraft:leave_game":3,"minecraft:time_since_death":272,"minecraft:total_world_time":11423,"minecraft:fly_one_cm":65463,"minecraft:fall_one_cm":16001},"minecraft:killed_by":{"minecraft:enderman":1},"minecraft:used":{"minecraft:dirt":3,"minecraft:cobblestone":11,"minecraft:gravel":6}},"DataVersion":3700}