{"stats":{"minecraft:custom":{"minecraft:interact_with_furnace":21,"minecraft:mob_kills":14,"minecraft:interact_with_crafting_table":6,"minecraft:leave_game":6,"minecraft:time_since_death":3884,"minecraft:time_since_rest":3303,"minecraft:sprint_one_cm":100159,"minecraft:damage_taken":1350,"minecraft:walk_one_cm":129402,"minecraft:drop":3,"minecraft:damage_dealt":1747,"minecraft:swim_one_cm":2937,"minecraft:fly_one_cm":137148,"minecraft:crouch_one_cm":355,"minecraft:play_time":49541,"tombstone:undead_killed":4,"minecraft:deaths":4,"minecraft:sneak_time":139,"minecraft:walk_under_water_one_cm":1440,"minecraft:jump":1004,"minecraft:walk_on_water_one_cm":2512,"minecraft:total_world_time":49541,"minecraft:fall_one_cm":29268},"minecraft:dropped":{"minecraft:wheat_seeds":3,"minecraft:acacia_log":6},"minecraft:crafted":{"minecraft:cooked_beef":2,"minecraft:oak_planks":16,"minecraft:fishing_rod":1,"minecraft:crafting_table":1,"minecraft:wooden_pickaxe":1,"minecraft:furnace":2,"minecraft:air":0,"minecraft:iron_axe":1,"minecraft:stick":12,"minecraft:iron_ingot":16,"minecraft:stone_pickaxe":1,"minecraft:acacia_planks":8,"minecraft:torch":12},"minecraft:killed_by":{"minecraft:skeleton":1,"minecraft:enderman":2},"minecraft:picked_up":{"minecraft:crafting_table":2,"minecraft:feather":4,"minecraft:chicken":4,"minecraft:flint":2,"minecraft:oak_log":4,"minecraft:string":2,"minecraft:dirt":35,"minecraft:bone":3,"minecraft:wheat_seeds":7,"minecraft:beef":2,"minecraft:acacia_sapling":7,"minecraft:egg":2,"minecraft:furnace":3,"minecraft:raw_iron":16,"minecraft:stick":2,"minecraft:acacia_log":8,"minecraft:gravel":6,"minecraft:porkchop":3,"tombstone:grave_dust":1,"minecraft:arrow":1,"minecraft:rotten_flesh":3,"minecraft:oak_sapling":1,"minecraft:black_wool":1,"minecraft:mutton":3,"minecraft:coal":94,"minecraft:white_wool":1,"minecraft:cobblestone":38},"minecraft:mined":{"minecraft:crafting_table":2,"minecraft:short_grass":29,"minecraft:acacia_log":15,"minecraft:grass_block":3,"minecraft:tall_grass":3,"minecraft:furnace":3,"minecraft:iron_ore":16,"minecraft:oak_log":4,"minecraft:coal_ore":40,"minecraft:gravel":7,"minecraft:dirt":6,"minecraft:stone":27,"minecraft:oak_leaves":1},"minecraft:used":{"minecraft:stone_pickaxe":78,"minecraft:wooden_pickaxe":11,"minecraft:rotten_flesh":1,"minecraft:torch":7,"minecraft:dirt":16,"minecraft:crafting_table":3,"minecraft:iron_axe":52,"minecraft:gravel":6,"minecraft:fishing_rod":2,"minecraft:cobblestone":11,"minecraft:oak_sapling":1,"minecraft:furnace":5,"tombstone:gift":2,"minecraft:egg":2,"minecraft:cooked_beef":2},"minecraft:killed":{"minecraft:pig":1,"minecraft:spider":2,"minecraft:sheep":2,"minecraft:skeleton":2,"minecraft:zombie":2,"minecraft:chicken":4,"minecraft:cow":1}},"DataVersion":3700}