{"stats":{"minecraft:custom":{"minecraft:interact_with_furnace":36,"minecraft:mob_kills":39,"minecraft:interact_with_crafting_table":25,"minecraft:leave_game":6,"minecraft:time_since_death":23329,"minecraft:climb_one_cm":2216,"minecraft:time_since_rest":23022,"minecraft:sprint_one_cm":181303,"minecraft:damage_taken":2273,"minecraft:walk_one_cm":318646,"minecraft:drop":5,"minecraft:damage_dealt":4547,"minecraft:swim_one_cm":20303,"minecraft:fly_one_cm":215767,"minecraft:player_kills":1,"minecraft:open_chest":13,"minecraft:crouch_one_cm":13442,"minecraft:play_time":97541,"tombstone:undead_killed":9,"minecraft:deaths":5,"minecraft:sneak_time":3563,"minecraft:walk_under_water_one_cm":11195,"minecraft:jump":1591,"minecraft:walk_on_water_one_cm":7308,"minecraft:total_world_time":97541,"minecraft:fish_caught":1,"minecraft:fall_one_cm":47370},"minecraft:dropped":{"minecraft:wheat_seeds":3,"minecraft:oak_planks":19,"minecraft:acacia_log":6,"minecraft:arrow":1},"minecraft:crafted":{"minecraft:cooked_beef":12,"minecraft:oak_door":3,"minecraft:oak_slab":42,"minecraft:oak_planks":284,"minecraft:barrel":8,"minecraft:fishing_rod":1,"minecraft:cooked_porkchop":4,"minecraft:crafting_table":2,"minecraft:wooden_pickaxe":1,"minecraft:furnace":2,"minecraft:cooked_mutton":13,"minecraft:air":0,"minecraft:iron_axe":2,"minecraft:ladder":6,"minecraft:stick":16,"minecraft:iron_pickaxe":1,"minecraft:iron_ingot":23,"minecraft:stone_pickaxe":1,"minecraft:oak_stairs":76,"minecraft:chest":2,"minecraft:iron_shovel":1,"minecraft:white_bed":2,"minecraft:acacia_planks":20,"minecraft:torch":48,"minecraft:oak_fence":3},"minecraft:killed_by":{"minecraft:skeleton":1,"minecraft:zombie":1,"minecraft:enderman":2},"minecraft:picked_up":{"minecraft:stripped_oak_log":3,"minecraft:coarse_dirt":39,"minecraft:crafting_table":8,"minecraft:feather":6,"minecraft:chicken":6,"minecraft:ladder":2,"minecraft:salmon":7,"minecraft:brown_wool":1,"minecraft:leather":5,"minecraft:oak_stairs":25,"minecraft:flint":2,"minecraft:oak_log":99,"minecraft:string":2,"minecraft:dirt":40,"minecraft:cooked_salmon":3,"minecraft:orange_terracotta":20,"minecraft:bone":3,"minecraft:apple":4,"minecraft:wheat_seeds":8,"minecraft:beef":12,"minecraft:sugar_cane":4,"minecraft:chest":4,"minecraft:oak_planks":55,"minecraft:acacia_sapling":20,"minecraft:egg":2,"minecraft:furnace":6,"minecraft:raw_iron":28,"minecraft:stick":64,"minecraft:brown_terracotta":2,"minecraft:torch":3,"minecraft:acacia_log":11,"minecraft:gravel":6,"minecraft:porkchop":4,"tombstone:grave_dust":3,"minecraft:white_bed":2,"minecraft:red_terracotta":6,"minecraft:light_gray_terracotta":6,"minecraft:arrow":2,"minecraft:rotten_flesh":6,"minecraft:yellow_terracotta":6,"minecraft:white_terracotta":4,"minecraft:terracotta":31,"minecraft:oak_sapling":47,"minecraft:black_wool":2,"minecraft:mutton":13,"minecraft:coal":164,"minecraft:white_wool":7,"minecraft:cobblestone":87},"minecraft:broken":{"minecraft:iron_axe":1},"minecraft:mined":{"minecraft:yellow_terracotta":6,"minecraft:white_bed":2,"minecraft:orange_terracotta":18,"minecraft:light_gray_terracotta":6,"minecraft:crafting_table":8,"minecraft:ladder":2,"minecraft:short_grass":36,"minecraft:acacia_log":15,"minecraft:grass_block":9,"minecraft:chest":4,"minecraft:dead_bush":40,"minecraft:tall_grass":3,"minecraft:cobblestone":16,"minecraft:oak_planks":18,"minecraft:sugar_cane":2,"minecraft:wall_torch":2,"minecraft:white_terracotta":4,"minecraft:red_terracotta":6,"minecraft:coarse_dirt":38,"minecraft:furnace":6,"minecraft:iron_ore":28,"minecraft:oak_log":98,"minecraft:coal_ore":97,"minecraft:oak_stairs":26,"minecraft:gravel":7,"minecraft:dirt":6,"minecraft:stripped_oak_log":3,"minecraft:brown_terracotta":2,"minecraft:terracotta":30,"minecraft:stone":60,"minecraft:oak_leaves":14},"minecraft:killed":{"minecraft:pig":2,"minecraft:salmon":4,"minecraft:spider":2,"minecraft:sheep":10,"minecraft:skeleton":2,"minecraft:zombie":5,"minecraft:chicken":6,"minecraft:drowned":2,"minecraft:cow":6},"minecraft:used":{"minecraft:oak_fence":2,"minecraft:cooked_mutton":7,"minecraft:iron_shovel":46,"minecraft:stone_pickaxe":105,"minecraft:ladder":6,"minecraft:oak_planks":67,"minecraft:chest":6,"minecraft:wooden_pickaxe":11,"minecraft:cooked_salmon":2,"minecraft:rotten_flesh":1,"minecraft:oak_door":2,"minecraft:torch":33,"minecraft:dirt":16,"minecraft:terracotta":1,"minecraft:oak_slab":19,"minecraft:crafting_table":7,"minecraft:white_bed":4,"minecraft:oak_log":31,"minecraft:oak_stairs":101,"minecraft:iron_axe":322,"minecraft:iron_pickaxe":167,"minecraft:gravel":6,"minecraft:fishing_rod":7,"minecraft:cobblestone":14,"minecraft:oak_sapling":6,"minecraft:furnace":8,"tombstone:gift":2,"minecraft:coarse_dirt":9,"minecraft:egg":2,"minecraft:cooked_beef":2,"minecraft:orange_terracotta":2}},"DataVersion":3700}