{"stats":{"minecraft:used":{"minecraft:iron_axe":47,"minecraft:stone_pickaxe":75,"minecraft:wooden_pickaxe":11,"minecraft:gravel":6,"minecraft:torch":7,"minecraft:rotten_flesh":1,"minecraft:dirt":16,"minecraft:cobblestone":11,"minecraft:crafting_table":2,"minecraft:furnace":4,"minecraft:oak_sapling":1,"tombstone:gift":2,"minecraft:egg":2,"minecraft:cooked_beef":2},"minecraft:crafted":{"minecraft:cooked_beef":2,"minecraft:oak_planks":16,"minecraft:iron_axe":1,"minecraft:crafting_table":1,"minecraft:stick":8,"minecraft:wooden_pickaxe":1,"minecraft:iron_ingot":16,"minecraft:stone_pickaxe":1,"minecraft:furnace":1,"minecraft:acacia_planks":8,"minecraft:torch":12,"minecraft:air":0},"minecraft:dropped":{"minecraft:wheat_seeds":3,"minecraft:acacia_log":6},"minecraft:mined":{"minecraft:furnace":3,"minecraft:iron_ore":16,"minecraft:crafting_table":2,"minecraft:short_grass":28,"minecraft:acacia_log":15,"minecraft:coal_ore":40,"minecraft:grass_block":2,"minecraft:oak_log":4,"minecraft:gravel":7,"minecraft:dirt":6,"minecraft:tall_grass":3,"minecraft:stone":25,"minecraft:oak_leaves":1},"minecraft:killed_by":{"minecraft:skeleton":1,"minecraft:enderman":2},"minecraft:picked_up":{"minecraft:crafting_table":2,"minecraft:stick":2,"minecraft:raw_iron":16,"minecraft:feather":4,"minecraft:chicken":4,"minecraft:acacia_log":8,"minecraft:gravel":6,"minecraft:flint":2,"minecraft:oak_log":4,"tombstone:grave_dust":1,"minecraft:dirt":34,"minecraft:string":2,"minecraft:arrow":1,"minecraft:bone":3,"minecraft:rotten_flesh":3,"minecraft:wheat_seeds":7,"minecraft:beef":2,"minecraft:oak_sapling":1,"minecraft:acacia_sapling":7,"minecraft:coal":94,"minecraft:egg":2,"minecraft:cobblestone":36,"minecraft:furnace":3},"minecraft:custom":{"minecraft:time_since_rest":401,"minecraft:interact_with_furnace":20,"minecraft:sprint_one_cm":89747,"minecraft:damage_taken":1239,"minecraft:walk_one_cm":118761,"minecraft:mob_kills":11,"minecraft:drop":3,"minecraft:damage_dealt":1487,"minecraft:swim_one_cm":2205,"minecraft:interact_with_crafting_table":4,"minecraft:fly_one_cm":118075,"minecraft:play_time":46639,"minecraft:crouch_one_cm":355,"tombstone:undead_killed":4,"minecraft:deaths":4,"minecraft:sneak_time":139,"minecraft:walk_under_water_one_cm":1351,"minecraft:jump":917,"minecraft:leave_game":6,"minecraft:time_since_death":982,"minecraft:walk_on_water_one_cm":2158,"minecraft:total_world_time":46639,"minecraft:fall_one_cm":26523},"minecraft:killed":{"minecraft:skeleton":2,"minecraft:zombie":2,"minecraft:chicken":4,"minecraft:spider":2,"minecraft:cow":1}},"DataVersion":3700}