{"stats":{"minecraft:used":{"minecraft:stone_pickaxe":14,"minecraft:wooden_pickaxe":11,"minecraft:gravel":6,"minecraft:dirt":3,"minecraft:cobblestone":11,"minecraft:crafting_table":1,"minecraft:furnace":1,"minecraft:oak_sapling":1},"minecraft:crafted":{"minecraft:oak_planks":16,"minecraft:crafting_table":1,"minecraft:stick":4,"minecraft:wooden_pickaxe":1,"minecraft:stone_pickaxe":1,"minecraft:furnace":1,"minecraft:acacia_planks":4},"minecraft:dropped":{"minecraft:wheat_seeds":2},"minecraft:mined":{"minecraft:iron_ore":5,"minecraft:short_grass":3,"minecraft:acacia_log":1,"minecraft:oak_log":4,"minecraft:coal_ore":8,"minecraft:gravel":7,"minecraft:dirt":6,"minecraft:stone":12,"minecraft:oak_leaves":1},"minecraft:killed_by":{"minecraft:enderman":1},"minecraft:picked_up":{"minecraft:raw_iron":5,"minecraft:acacia_log":1,"minecraft:gravel":6,"minecraft:flint":2,"minecraft:oak_log":4,"minecraft:dirt":32,"minecraft:wheat_seeds":4,"minecraft:oak_sapling":1,"minecraft:coal":8,"minecraft:cobblestone":23},"minecraft:custom":{"minecraft:time_since_rest":19266,"minecraft:interact_with_furnace":2,"minecraft:sprint_one_cm":51803,"minecraft:damage_taken":584,"minecraft:walk_one_cm":62165,"minecraft:drop":1,"minecraft:damage_dealt":75,"minecraft:interact_with_crafting_table":3,"minecraft:fly_one_cm":75492,"minecraft:crouch_one_cm":245,"minecraft:play_time":30390,"minecraft:deaths":2,"minecraft:sneak_time":106,"minecraft:jump":634,"minecraft:leave_game":5,"minecraft:time_since_death":19239,"minecraft:total_world_time":30390,"minecraft:fall_one_cm":18302}},"DataVersion":3700}