{"stats":{"minecraft:custom":{"minecraft:interact_with_furnace":25,"minecraft:mob_kills":34,"minecraft:interact_with_crafting_table":6,"minecraft:leave_game":6,"minecraft:time_since_death":15884,"minecraft:time_since_rest":15303,"minecraft:sprint_one_cm":149369,"minecraft:damage_taken":1558,"minecraft:walk_one_cm":157675,"minecraft:drop":3,"minecraft:damage_dealt":3545,"minecraft:swim_one_cm":10117,"minecraft:fly_one_cm":189373,"minecraft:player_kills":1,"minecraft:crouch_one_cm":355,"minecraft:play_time":61541,"tombstone:undead_killed":4,"minecraft:deaths":4,"minecraft:sneak_time":139,"minecraft:walk_under_water_one_cm":3026,"minecraft:jump":1282,"minecraft:walk_on_water_one_cm":4529,"minecraft:total_world_time":61541,"minecraft:fish_caught":1,"minecraft:fall_one_cm":37853},"minecraft:dropped":{"minecraft:wheat_seeds":3,"minecraft:acacia_log":6},"minecraft:crafted":{"minecraft:cooked_beef":2,"minecraft:oak_planks":16,"minecraft:fishing_rod":1,"minecraft:crafting_table":1,"minecraft:wooden_pickaxe":1,"minecraft:furnace":2,"minecraft:cooked_mutton":3,"minecraft:air":0,"minecraft:iron_axe":1,"minecraft:stick":12,"minecraft:iron_ingot":16,"minecraft:stone_pickaxe":1,"minecraft:acacia_planks":8,"minecraft:torch":12},"minecraft:killed_by":{"minecraft:skeleton":1,"minecraft:enderman":2},"minecraft:picked_up":{"minecraft:crafting_table":3,"minecraft:feather":6,"minecraft:chicken":6,"minecraft:salmon":7,"minecraft:brown_wool":1,"minecraft:leather":5,"minecraft:flint":2,"minecraft:oak_log":10,"minecraft:string":2,"minecraft:dirt":35,"minecraft:cooked_salmon":3,"minecraft:bone":3,"minecraft:wheat_seeds":7,"minecraft:beef":12,"minecraft:sugar_cane":2,"minecraft:acacia_sapling":20,"minecraft:egg":2,"minecraft:furnace":4,"minecraft:raw_iron":16,"minecraft:stick":16,"minecraft:acacia_log":11,"minecraft:gravel":6,"minecraft:porkchop":4,"tombstone:grave_dust":2,"minecraft:arrow":1,"minecraft:rotten_flesh":3,"minecraft:oak_sapling":2,"minecraft:black_wool":2,"minecraft:mutton":13,"minecraft:coal":124,"minecraft:white_wool":7,"minecraft:cobblestone":46},"minecraft:mined":{"minecraft:crafting_table":3,"minecraft:short_grass":33,"minecraft:acacia_log":15,"minecraft:grass_block":3,"minecraft:dead_bush":18,"minecraft:tall_grass":3,"minecraft:sugar_cane":1,"minecraft:furnace":4,"minecraft:iron_ore":16,"minecraft:oak_log":10,"minecraft:coal_ore":56,"minecraft:gravel":7,"minecraft:dirt":6,"minecraft:stone":35,"minecraft:oak_leaves":1},"minecraft:killed":{"minecraft:pig":2,"minecraft:salmon":4,"minecraft:spider":2,"minecraft:sheep":10,"minecraft:skeleton":2,"minecraft:zombie":2,"minecraft:chicken":6,"minecraft:cow":6},"minecraft:used":{"minecraft:cooked_mutton":3,"minecraft:stone_pickaxe":103,"minecraft:wooden_pickaxe":11,"minecraft:cooked_salmon":2,"minecraft:rotten_flesh":1,"minecraft:torch":7,"minecraft:dirt":16,"minecraft:crafting_table":3,"minecraft:iron_axe":111,"minecraft:gravel":6,"minecraft:fishing_rod":6,"minecraft:cobblestone":11,"minecraft:oak_sapling":1,"minecraft:furnace":5,"tombstone:gift":2,"minecraft:egg":2,"minecraft:cooked_beef":2}},"DataVersion":3700}