{"stats":{"minecraft:custom":{"minecraft:interact_with_furnace":28,"minecraft:mob_kills":35,"minecraft:interact_with_crafting_table":12,"minecraft:leave_game":6,"minecraft:time_since_death":27884,"minecraft:time_since_rest":27303,"minecraft:sprint_one_cm":162586,"minecraft:damage_taken":1658,"minecraft:walk_one_cm":223775,"minecraft:drop":5,"minecraft:damage_dealt":3745,"minecraft:swim_one_cm":10117,"minecraft:fly_one_cm":200592,"minecraft:player_kills":1,"minecraft:open_chest":5,"minecraft:crouch_one_cm":470,"minecraft:play_time":73541,"tombstone:undead_killed":5,"minecraft:deaths":4,"minecraft:sneak_time":254,"minecraft:walk_under_water_one_cm":3026,"minecraft:jump":1373,"minecraft:walk_on_water_one_cm":4529,"minecraft:total_world_time":73541,"minecraft:fish_caught":1,"minecraft:fall_one_cm":40458},"minecraft:dropped":{"minecraft:wheat_seeds":3,"minecraft:oak_planks":19,"minecraft:acacia_log":6,"minecraft:arrow":1},"minecraft:crafted":{"minecraft:cooked_beef":2,"minecraft:oak_door":3,"minecraft:oak_planks":108,"minecraft:fishing_rod":1,"minecraft:crafting_table":2,"minecraft:wooden_pickaxe":1,"minecraft:furnace":2,"minecraft:cooked_mutton":13,"minecraft:air":0,"minecraft:iron_axe":1,"minecraft:stick":12,"minecraft:iron_pickaxe":1,"minecraft:iron_ingot":16,"minecraft:stone_pickaxe":1,"minecraft:chest":2,"minecraft:iron_shovel":1,"minecraft:white_bed":1,"minecraft:acacia_planks":20,"minecraft:torch":24},"minecraft:killed_by":{"minecraft:skeleton":1,"minecraft:enderman":2},"minecraft:picked_up":{"minecraft:coarse_dirt":30,"minecraft:crafting_table":8,"minecraft:feather":6,"minecraft:chicken":6,"minecraft:salmon":7,"minecraft:brown_wool":1,"minecraft:leather":5,"minecraft:flint":2,"minecraft:oak_log":57,"minecraft:string":2,"minecraft:dirt":40,"minecraft:cooked_salmon":3,"minecraft:bone":3,"minecraft:apple":1,"minecraft:wheat_seeds":8,"minecraft:beef":12,"minecraft:sugar_cane":2,"minecraft:chest":4,"minecraft:oak_planks":38,"minecraft:acacia_sapling":20,"minecraft:egg":2,"minecraft:furnace":6,"minecraft:raw_iron":16,"minecraft:stick":55,"minecraft:acacia_log":11,"minecraft:gravel":6,"minecraft:porkchop":4,"tombstone:grave_dust":2,"minecraft:white_bed":2,"minecraft:arrow":2,"minecraft:rotten_flesh":5,"minecraft:oak_sapling":33,"minecraft:black_wool":2,"minecraft:mutton":13,"minecraft:coal":124,"minecraft:white_wool":7,"minecraft:cobblestone":46},"minecraft:mined":{"minecraft:white_bed":2,"minecraft:crafting_table":8,"minecraft:short_grass":36,"minecraft:acacia_log":15,"minecraft:grass_block":9,"minecraft:chest":4,"minecraft:dead_bush":37,"minecraft:tall_grass":3,"minecraft:sugar_cane":1,"minecraft:coarse_dirt":38,"minecraft:furnace":6,"minecraft:iron_ore":16,"minecraft:oak_log":56,"minecraft:coal_ore":56,"minecraft:gravel":7,"minecraft:dirt":6,"minecraft:stone":35,"minecraft:oak_leaves":9},"minecraft:killed":{"minecraft:pig":2,"minecraft:salmon":4,"minecraft:spider":2,"minecraft:sheep":10,"minecraft:skeleton":2,"minecraft:zombie":3,"minecraft:chicken":6,"minecraft:cow":6},"minecraft:used":{"minecraft:cooked_mutton":4,"minecraft:iron_shovel":45,"minecraft:stone_pickaxe":105,"minecraft:oak_planks":49,"minecraft:chest":6,"minecraft:wooden_pickaxe":11,"minecraft:cooked_salmon":2,"minecraft:rotten_flesh":1,"minecraft:oak_door":2,"minecraft:torch":19,"minecraft:dirt":16,"minecraft:crafting_table":7,"minecraft:white_bed":2,"minecraft:oak_log":11,"minecraft:iron_axe":204,"minecraft:gravel":6,"minecraft:fishing_rod":7,"minecraft:cobblestone":11,"minecraft:oak_sapling":6,"minecraft:furnace":8,"tombstone:gift":2,"minecraft:egg":2,"minecraft:cooked_beef":2}},"DataVersion":3700}