{"stats":{"minecraft:custom":{"minecraft:mob_kills":40,"minecraft:interact_with_crafting_table":33,"minecraft:open_barrel":4,"minecraft:leave_game":6,"minecraft:time_since_death":35329,"minecraft:climb_one_cm":3052,"minecraft:sprint_one_cm":211441,"minecraft:walk_one_cm":361600,"minecraft:damage_blocked_by_shield":75,"minecraft:drop":10,"minecraft:play_time":109541,"minecraft:deaths":5,"minecraft:sneak_time":3664,"minecraft:walk_under_water_one_cm":11265,"minecraft:jump":1872,"minecraft:walk_on_water_one_cm":7729,"minecraft:total_world_time":109541,"minecraft:interact_with_furnace":44,"minecraft:sleep_in_bed":1,"minecraft:time_since_rest":5399,"minecraft:damage_taken":2620,"minecraft:damage_dealt":4853,"minecraft:player_kills":1,"minecraft:swim_one_cm":24134,"minecraft:fly_one_cm":272142,"minecraft:open_chest":23,"minecraft:crouch_one_cm":13563,"tombstone:undead_killed":10,"minecraft:fish_caught":1,"minecraft:fall_one_cm":56859},"minecraft:crafted":{"minecraft:oak_door":3,"minecraft:oak_planks":472,"minecraft:barrel":8,"minecraft:fishing_rod":1,"minecraft:furnace":5,"minecraft:cooked_mutton":13,"minecraft:iron_axe":2,"minecraft:ladder":6,"minecraft:stone_pickaxe":1,"minecraft:chest":4,"minecraft:oak_fence":3,"minecraft:cooked_beef":12,"minecraft:oak_slab":42,"minecraft:cooked_porkchop":4,"minecraft:crafting_table":2,"minecraft:wooden_pickaxe":1,"minecraft:leather_helmet":1,"minecraft:air":0,"minecraft:iron_chestplate":1,"minecraft:shield":1,"minecraft:stick":16,"minecraft:iron_ingot":25,"minecraft:iron_pickaxe":1,"minecraft:oak_stairs":76,"minecraft:iron_shovel":1,"minecraft:white_bed":2,"minecraft:acacia_planks":20,"minecraft:torch":76},"minecraft:dropped":{"minecraft:iron_ingot":1,"minecraft:wheat_seeds":3,"minecraft:acacia_log":6,"minecraft:oak_planks":19,"minecraft:arrow":1,"minecraft:terracotta":4},"minecraft:killed_by":{"minecraft:enderman":2,"minecraft:skeleton":1,"minecraft:zombie":1},"minecraft:picked_up":{"minecraft:crafting_table":9,"minecraft:coarse_dirt":39,"minecraft:chicken":6,"minecraft:ladder":2,"minecraft:oak_stairs":25,"minecraft:string":2,"minecraft:cooked_salmon":3,"minecraft:beef":12,"minecraft:sugar_cane":4,"minecraft:chest":4,"minecraft:furnace":6,"minecraft:egg":2,"minecraft:stick":71,"minecraft:raw_iron":28,"minecraft:brown_terracotta":2,"minecraft:torch":7,"minecraft:acacia_log":11,"minecraft:porkchop":4,"tombstone:grave_dust":3,"minecraft:arrow":2,"minecraft:rotten_flesh":6,"minecraft:yellow_terracotta":6,"minecraft:white_terracotta":4,"minecraft:mutton":13,"minecraft:white_wool":7,"minecraft:cobblestone":147,"minecraft:stripped_oak_log":3,"minecraft:feather":6,"minecraft:salmon":7,"minecraft:andesite":3,"minecraft:leather":5,"minecraft:brown_wool":1,"minecraft:flint":2,"minecraft:oak_log":146,"minecraft:dirt":40,"minecraft:orange_terracotta":20,"minecraft:bone":4,"minecraft:apple":5,"minecraft:wheat_seeds":8,"minecraft:raw_gold":5,"minecraft:acacia_sapling":20,"minecraft:oak_planks":55,"minecraft:gravel":6,"minecraft:white_bed":2,"minecraft:red_terracotta":6,"minecraft:light_gray_terracotta":6,"minecraft:oak_sapling":71,"minecraft:terracotta":35,"minecraft:black_wool":2,"minecraft:coal":164},"minecraft:broken":{"minecraft:iron_axe":1},"minecraft:mined":{"minecraft:yellow_terracotta":6,"minecraft:white_bed":2,"minecraft:oak_sapling":1,"minecraft:ladder":2,"minecraft:acacia_log":15,"minecraft:grass_block":9,"minecraft:furnace":6,"minecraft:iron_ore":28,"minecraft:andesite":3,"minecraft:oak_stairs":26,"minecraft:stripped_oak_log":3,"minecraft:stone":109,"minecraft:orange_terracotta":18,"minecraft:crafting_table":9,"minecraft:light_gray_terracotta":6,"minecraft:short_grass":37,"minecraft:chest":4,"minecraft:dead_bush":42,"minecraft:tall_grass":3,"minecraft:cobblestone":16,"minecraft:sugar_cane":2,"minecraft:oak_planks":18,"minecraft:wall_torch":6,"minecraft:white_terracotta":4,"minecraft:red_terracotta":6,"minecraft:coarse_dirt":38,"minecraft:coal_ore":98,"minecraft:oak_log":145,"minecraft:gravel":7,"minecraft:dirt":6,"minecraft:brown_terracotta":2,"minecraft:terracotta":34,"minecraft:gold_ore":5,"minecraft:oak_leaves":15},"minecraft:killed":{"minecraft:spider":2,"minecraft:skeleton":3,"minecraft:chicken":6,"minecraft:drowned":2,"minecraft:pig":2,"minecraft:salmon":4,"minecraft:sheep":10,"minecraft:zombie":5,"minecraft:cow":6},"minecraft:used":{"minecraft:oak_fence":2,"minecraft:iron_shovel":46,"minecraft:ladder":6,"minecraft:chest":8,"minecraft:shield":1,"minecraft:cooked_salmon":2,"minecraft:rotten_flesh":1,"minecraft:oak_door":2,"minecraft:torch":47,"minecraft:dirt":16,"minecraft:iron_axe":387,"minecraft:oak_stairs":101,"minecraft:barrel":8,"minecraft:furnace":11,"minecraft:oak_sapling":25,"tombstone:gift":4,"minecraft:egg":2,"minecraft:cooked_beef":5,"minecraft:orange_terracotta":2,"minecraft:cooked_mutton":10,"minecraft:stone_pickaxe":105,"minecraft:oak_planks":67,"minecraft:wooden_pickaxe":11,"minecraft:terracotta":1,"minecraft:oak_slab":19,"minecraft:crafting_table":8,"minecraft:white_bed":4,"minecraft:oak_log":31,"minecraft:iron_pickaxe":229,"minecraft:gravel":6,"minecraft:fishing_rod":7,"minecraft:cobblestone":17,"minecraft:coarse_dirt":9}},"DataVersion":3700}