{"stats":{"minecraft:custom":{"minecraft:mob_kills":55,"minecraft:interact_with_crafting_table":38,"minecraft:open_barrel":4,"minecraft:bell_ring":6,"minecraft:leave_game":7,"minecraft:time_since_death":23392,"minecraft:climb_one_cm":3626,"minecraft:sprint_one_cm":423666,"minecraft:walk_one_cm":451345,"minecraft:damage_blocked_by_shield":480,"minecraft:drop":17,"minecraft:play_time":155392,"minecraft:deaths":9,"minecraft:sneak_time":4358,"minecraft:walk_under_water_one_cm":13485,"minecraft:jump":3392,"minecraft:walk_on_water_one_cm":16786,"minecraft:total_world_time":155392,"minecraft:interact_with_furnace":54,"minecraft:sleep_in_bed":1,"minecraft:time_since_rest":22318,"minecraft:damage_taken":4897,"minecraft:damage_dealt":8142,"minecraft:player_kills":1,"minecraft:swim_one_cm":62077,"minecraft:fly_one_cm":590700,"minecraft:open_chest":26,"minecraft:crouch_one_cm":15691,"tombstone:undead_killed":13,"minecraft:fish_caught":1,"minecraft:fall_one_cm":102314},"minecraft:crafted":{"minecraft:oak_door":3,"minecraft:oak_planks":472,"minecraft:barrel":8,"minecraft:fishing_rod":1,"minecraft:furnace":6,"minecraft:cooked_mutton":13,"minecraft:iron_axe":2,"minecraft:ladder":6,"minecraft:iron_hoe":1,"minecraft:stone_pickaxe":1,"minecraft:chest":4,"minecraft:oak_fence":3,"minecraft:wheat":128,"minecraft:cooked_beef":12,"minecraft:oak_slab":42,"minecraft:cooked_porkchop":4,"minecraft:crafting_table":5,"minecraft:wooden_pickaxe":1,"minecraft:leather_helmet":1,"minecraft:bread":42,"minecraft:air":0,"minecraft:iron_chestplate":1,"minecraft:shield":1,"minecraft:stick":20,"minecraft:iron_ingot":30,"minecraft:iron_pickaxe":2,"minecraft:oak_stairs":76,"minecraft:iron_shovel":1,"minecraft:white_bed":2,"minecraft:acacia_planks":20,"minecraft:torch":76},"minecraft:dropped":{"minecraft:iron_ingot":1,"minecraft:oak_slab":7,"minecraft:wheat_seeds":3,"minecraft:cooked_porkchop":4,"minecraft:acacia_log":6,"minecraft:white_wool":1,"minecraft:redstone":17,"minecraft:bone":2,"minecraft:wheat":2,"minecraft:oak_planks":19,"minecraft:arrow":1,"minecraft:terracotta":4},"minecraft:killed_by":{"minecraft:enderman":2,"minecraft:iron_golem":3,"minecraft:skeleton":2,"minecraft:zombie":1},"minecraft:picked_up":{"minecraft:crafting_table":11,"minecraft:coarse_dirt":39,"minecraft:chicken":6,"minecraft:ladder":4,"minecraft:oak_stairs":25,"minecraft:string":2,"minecraft:raw_copper":5,"minecraft:cooked_salmon":3,"minecraft:beef":19,"minecraft:sugar_cane":4,"minecraft:chest":4,"minecraft:furnace":15,"minecraft:egg":2,"minecraft:stick":71,"minecraft:raw_iron":59,"minecraft:brown_terracotta":2,"minecraft:torch":13,"minecraft:acacia_log":11,"minecraft:porkchop":20,"minecraft:pointed_dripstone":8,"tombstone:grave_dust":3,"minecraft:diorite":1,"minecraft:redstone":17,"minecraft:arrow":4,"minecraft:rotten_flesh":6,"minecraft:hay_block":53,"minecraft:yellow_terracotta":6,"minecraft:white_terracotta":4,"minecraft:mutton":13,"minecraft:white_wool":8,"minecraft:cobblestone":172,"minecraft:stripped_oak_log":3,"minecraft:feather":6,"minecraft:salmon":7,"minecraft:andesite":6,"minecraft:leather":7,"minecraft:brown_wool":1,"minecraft:flint":2,"minecraft:oak_log":146,"minecraft:dirt":40,"minecraft:orange_terracotta":20,"minecraft:glass":44,"minecraft:bone":5,"minecraft:apple":9,"minecraft:wheat_seeds":8,"minecraft:raw_gold":6,"minecraft:grindstone":1,"minecraft:iron_ingot":4,"minecraft:rabbit":3,"minecraft:acacia_sapling":20,"minecraft:oak_planks":164,"minecraft:oak_slab":7,"minecraft:gravel":6,"minecraft:white_bed":3,"minecraft:barrel":8,"minecraft:red_terracotta":6,"minecraft:light_gray_terracotta":6,"minecraft:diamond":1,"minecraft:granite":3,"minecraft:oak_sapling":134,"minecraft:terracotta":35,"minecraft:black_wool":2,"minecraft:coal":187},"minecraft:broken":{"minecraft:iron_axe":1,"minecraft:iron_pickaxe":1},"minecraft:mined":{"minecraft:yellow_terracotta":6,"minecraft:diamond_ore":1,"minecraft:white_bed":3,"minecraft:oak_sapling":1,"minecraft:granite":2,"minecraft:ladder":2,"minecraft:acacia_log":15,"minecraft:grass_block":10,"minecraft:hay_block":53,"minecraft:furnace":14,"minecraft:iron_ore":46,"minecraft:barrel":8,"minecraft:andesite":5,"minecraft:pointed_dripstone":2,"minecraft:oak_stairs":26,"minecraft:stripped_oak_log":3,"minecraft:stone":116,"minecraft:deepslate_redstone_ore":4,"minecraft:orange_terracotta":18,"minecraft:crafting_table":11,"minecraft:torch":2,"minecraft:light_gray_terracotta":6,"minecraft:short_grass":49,"minecraft:chest":4,"minecraft:dead_bush":42,"minecraft:tall_grass":3,"minecraft:cobblestone":16,"minecraft:lapis_ore":1,"minecraft:deepslate_gold_ore":1,"minecraft:grindstone":1,"minecraft:sugar_cane":2,"minecraft:oak_planks":21,"minecraft:diorite":1,"minecraft:wall_torch":6,"minecraft:white_terracotta":4,"minecraft:red_terracotta":6,"minecraft:coarse_dirt":38,"minecraft:coal_ore":109,"minecraft:oak_log":145,"minecraft:gravel":7,"minecraft:dirt":6,"minecraft:brown_terracotta":2,"minecraft:terracotta":34,"minecraft:gold_ore":5,"minecraft:oak_leaves":15},"minecraft:killed":{"minecraft:spider":2,"minecraft:skeleton":4,"minecraft:chicken":6,"minecraft:drowned":2,"minecraft:pig":10,"minecraft:salmon":4,"minecraft:sheep":10,"minecraft:zombie":7,"minecraft:cow":10},"minecraft:used":{"minecraft:oak_fence":2,"minecraft:iron_shovel":46,"minecraft:ladder":6,"minecraft:chest":8,"minecraft:shield":12,"minecraft:iron_sword":5,"minecraft:cooked_salmon":2,"minecraft:rotten_flesh":1,"minecraft:oak_door":2,"minecraft:torch":67,"minecraft:dirt":16,"minecraft:iron_hoe":52,"minecraft:iron_axe":452,"minecraft:oak_stairs":101,"minecraft:barrel":8,"minecraft:furnace":13,"minecraft:oak_sapling":25,"tombstone:gift":6,"minecraft:egg":2,"minecraft:cooked_beef":9,"minecraft:orange_terracotta":2,"minecraft:cooked_mutton":10,"minecraft:stone_pickaxe":105,"minecraft:oak_planks":77,"minecraft:wooden_pickaxe":11,"minecraft:terracotta":1,"minecraft:oak_slab":19,"minecraft:crafting_table":11,"minecraft:white_bed":4,"minecraft:oak_log":31,"minecraft:bread":20,"minecraft:iron_pickaxe":293,"minecraft:gravel":6,"minecraft:fishing_rod":7,"minecraft:cobblestone":18,"minecraft:andesite":6,"minecraft:coarse_dirt":9}},"DataVersion":3700}