{"stats":{"minecraft:killed_by":{"minecraft:enderman":1},"minecraft:custom":{"minecraft:time_since_rest":13515,"minecraft:crouch_one_cm":4,"minecraft:sprint_one_cm":41986,"minecraft:play_time":24639,"minecraft:deaths":2,"minecraft:damage_taken":486,"minecraft:walk_one_cm":47068,"minecraft:sneak_time":19,"minecraft:jump":520,"minecraft:damage_dealt":55,"minecraft:leave_game":4,"minecraft:time_since_death":13488,"minecraft:total_world_time":24639,"minecraft:fall_one_cm":16210,"minecraft:fly_one_cm":66880},"minecraft:mined":{"minecraft:short_grass":2,"minecraft:gravel":7,"minecraft:dirt":6},"minecraft:used":{"minecraft:dirt":3,"minecraft:cobblestone":11,"minecraft:gravel":6},"minecraft:picked_up":{"minecraft:wheat_seeds":2,"minecraft:gravel":6,"minecraft:flint":2,"minecraft:dirt":6,"minecraft:cobblestone":11}},"DataVersion":3700}