{"stats":{"minecraft:mined":{"minecraft:short_grass":4,"minecraft:acacia_log":3},"minecraft:killed_by":{"minecraft:enderman":1},"minecraft:picked_up":{"minecraft:acacia_sapling":2,"minecraft:acacia_log":9},"minecraft:custom":{"minecraft:jump":72,"minecraft:time_since_rest":228,"minecraft:crouch_one_cm":74,"minecraft:deaths":1,"minecraft:sprint_one_cm":19221,"minecraft:play_time":3734,"minecraft:damage_taken":305,"minecraft:time_since_death":1117,"minecraft:walk_one_cm":8515,"minecraft:sneak_time":19,"minecraft:total_world_time":3734,"minecraft:fall_one_cm":3526,"minecraft:fly_one_cm":28051}},"DataVersion":3700}