{"stats":{"minecraft:custom":{"minecraft:mob_kills":27,"minecraft:interact_with_crafting_table":19,"minecraft:open_barrel":7,"minecraft:leave_game":1,"minecraft:time_since_death":24235,"minecraft:climb_one_cm":3515,"minecraft:sprint_one_cm":292768,"minecraft:walk_one_cm":250441,"minecraft:damage_blocked_by_shield":1438,"minecraft:drop":18,"minecraft:play_time":106662,"minecraft:deaths":8,"minecraft:sneak_time":1713,"minecraft:walk_under_water_one_cm":14578,"minecraft:jump":2478,"minecraft:walk_on_water_one_cm":22235,"minecraft:total_world_time":106662,"minecraft:interact_with_furnace":20,"minecraft:interact_with_stonecutter":1,"minecraft:sleep_in_bed":1,"minecraft:time_since_rest":24057,"minecraft:damage_taken":3302,"minecraft:damage_dealt":3282,"minecraft:swim_one_cm":25416,"minecraft:fly_one_cm":543749,"minecraft:open_chest":37,"minecraft:crouch_one_cm":5441,"tombstone:undead_killed":4,"minecraft:fall_one_cm":78228,"minecraft:horse_one_cm":525},"minecraft:dropped":{"minecraft:wheat_seeds":3,"minecraft:wooden_axe":2,"tombstone:grave_dust":2,"minecraft:wooden_sword":3,"minecraft:rotten_flesh":10,"minecraft:poppy":4,"minecraft:oak_sapling":2,"minecraft:wooden_pickaxe":2},"minecraft:crafted":{"minecraft:wooden_sword":1,"minecraft:oak_planks":152,"minecraft:cooked_chicken":4,"minecraft:furnace":1,"minecraft:glass":20,"minecraft:iron_axe":1,"minecraft:stone_pickaxe":1,"minecraft:wooden_shovel":1,"minecraft:crafting_table":3,"minecraft:wooden_pickaxe":1,"minecraft:iron_sword":1,"minecraft:air":0,"minecraft:wooden_hoe":1,"minecraft:shield":1,"minecraft:stick":12,"minecraft:iron_ingot":5,"minecraft:iron_pickaxe":1,"minecraft:wooden_axe":2,"minecraft:acacia_planks":36,"minecraft:torch":16},"minecraft:killed_by":{"minecraft:husk":1,"minecraft:player":1,"minecraft:enderman":1,"minecraft:iron_golem":2,"minecraft:drowned":1,"minecraft:skeleton":1},"minecraft:picked_up":{"minecraft:wooden_axe":1,"minecraft:crafting_table":4,"minecraft:coarse_dirt":46,"minecraft:wheat":9,"minecraft:chicken":2,"minecraft:wooden_pickaxe":1,"minecraft:oak_stairs":2,"minecraft:brewing_stand":1,"minecraft:raw_copper":8,"minecraft:wooden_sword":2,"minecraft:red_sand":2,"minecraft:beef":4,"minecraft:poppy":4,"minecraft:sugar_cane":12,"minecraft:chest":2,"minecraft:egg":1,"minecraft:furnace":1,"minecraft:raw_iron":28,"minecraft:stick":82,"minecraft:brown_terracotta":3,"minecraft:torch":2,"minecraft:acacia_log":9,"minecraft:porkchop":13,"minecraft:pointed_dripstone":1,"minecraft:arrow":1,"minecraft:rotten_flesh":10,"minecraft:white_terracotta":5,"minecraft:mutton":15,"minecraft:white_wool":7,"minecraft:cobblestone":94,"minecraft:feather":3,"minecraft:andesite":20,"minecraft:leather":2,"minecraft:brown_wool":1,"minecraft:oak_log":44,"minecraft:dirt":15,"minecraft:orange_terracotta":32,"minecraft:stonecutter":1,"minecraft:wheat_seeds":4,"minecraft:bell":1,"minecraft:iron_ingot":6,"minecraft:acacia_sapling":2,"minecraft:oak_planks":10,"minecraft:cooked_porkchop":4,"minecraft:pumpkin":1,"minecraft:sand":64,"minecraft:white_bed":1,"minecraft:light_gray_terracotta":5,"minecraft:granite":2,"minecraft:gray_wool":1,"minecraft:terracotta":47,"minecraft:oak_sapling":20,"minecraft:coal":54},"minecraft:broken":{"minecraft:wooden_shovel":1,"minecraft:wooden_axe":1},"minecraft:mined":{"minecraft:white_bed":1,"minecraft:brewing_stand":1,"minecraft:granite":3,"minecraft:red_sand":2,"minecraft:acacia_log":3,"minecraft:grass_block":14,"minecraft:large_fern":1,"minecraft:tall_seagrass":3,"minecraft:furnace":2,"minecraft:iron_ore":30,"minecraft:andesite":21,"minecraft:pumpkin":1,"minecraft:bell":1,"minecraft:pointed_dripstone":1,"minecraft:oak_stairs":1,"minecraft:stone":100,"minecraft:orange_terracotta":32,"minecraft:powder_snow":1,"minecraft:crafting_table":4,"minecraft:torch":2,"minecraft:light_gray_terracotta":5,"minecraft:short_grass":10,"minecraft:chest":2,"minecraft:dead_bush":58,"minecraft:cobblestone":10,"minecraft:copper_ore":3,"minecraft:tall_grass":3,"minecraft:oak_planks":9,"minecraft:sugar_cane":10,"minecraft:wall_torch":1,"minecraft:white_terracotta":5,"minecraft:coarse_dirt":39,"minecraft:birch_leaves":1,"minecraft:oak_log":45,"minecraft:coal_ore":53,"minecraft:sand":63,"minecraft:brown_terracotta":3,"minecraft:terracotta":47,"minecraft:stonecutter":1,"minecraft:netherrack":1,"minecraft:oak_leaves":23},"minecraft:killed":{"minecraft:cave_spider":1,"minecraft:skeleton":2,"minecraft:chicken":2,"minecraft:husk":2,"minecraft:pig":6,"minecraft:iron_golem":2,"minecraft:sheep":10,"minecraft:cow":2},"minecraft:used":{"minecraft:red_sand":2,"minecraft:shield":28,"minecraft:iron_sword":91,"minecraft:wooden_shovel":60,"minecraft:cooked_chicken":4,"minecraft:cooked_salmon":1,"minecraft:torch":4,"minecraft:dirt":36,"minecraft:wooden_axe":76,"minecraft:glass":8,"minecraft:iron_axe":11,"minecraft:furnace":1,"tombstone:gift":3,"minecraft:egg":1,"minecraft:cooked_beef":3,"minecraft:orange_terracotta":9,"minecraft:pumpkin":1,"minecraft:cooked_mutton":3,"minecraft:stone_pickaxe":108,"minecraft:oak_planks":57,"minecraft:wooden_pickaxe":10,"minecraft:terracotta":47,"minecraft:crafting_table":6,"minecraft:oak_log":6,"minecraft:bread":9,"minecraft:iron_pickaxe":212,"minecraft:wooden_sword":53,"minecraft:cobblestone":20,"minecraft:cooked_porkchop":4,"minecraft:coarse_dirt":72}},"DataVersion":3700}