{"stats":{"minecraft:custom":{"minecraft:time_since_rest":15430,"minecraft:sprint_one_cm":69391,"minecraft:interact_with_furnace":9,"minecraft:damage_taken":975,"minecraft:walk_one_cm":64549,"minecraft:mob_kills":2,"minecraft:drop":1,"minecraft:damage_dealt":138,"minecraft:swim_one_cm":13923,"minecraft:interact_with_crafting_table":12,"minecraft:fly_one_cm":136276,"minecraft:open_chest":1,"minecraft:crouch_one_cm":243,"minecraft:play_time":26577,"minecraft:deaths":3,"minecraft:sneak_time":128,"minecraft:walk_under_water_one_cm":5435,"minecraft:jump":509,"minecraft:leave_game":1,"minecraft:walk_on_water_one_cm":9525,"minecraft:time_since_death":16765,"minecraft:total_world_time":26577,"minecraft:fall_one_cm":17726},"minecraft:dropped":{"tombstone:grave_dust":1},"minecraft:crafted":{"minecraft:wooden_sword":1,"minecraft:oak_planks":152,"minecraft:wooden_shovel":1,"minecraft:wooden_hoe":1,"minecraft:crafting_table":2,"minecraft:stick":12,"minecraft:wooden_pickaxe":1,"minecraft:cooked_chicken":2,"minecraft:stone_pickaxe":1,"minecraft:wooden_axe":2,"minecraft:acacia_planks":36,"minecraft:air":0},"minecraft:killed_by":{"minecraft:player":1,"minecraft:drowned":1,"minecraft:enderman":1},"minecraft:picked_up":{"minecraft:crafting_table":3,"minecraft:coarse_dirt":42,"minecraft:stick":73,"minecraft:feather":3,"minecraft:chicken":2,"minecraft:acacia_log":9,"minecraft:oak_log":44,"minecraft:dirt":15,"minecraft:wheat_seeds":1,"minecraft:red_sand":1,"minecraft:oak_sapling":15,"minecraft:acacia_sapling":2,"minecraft:cobblestone":22,"minecraft:egg":1},"minecraft:broken":{"minecraft:wooden_axe":1},"minecraft:mined":{"minecraft:tall_seagrass":3,"minecraft:coarse_dirt":35,"minecraft:crafting_table":2,"minecraft:short_grass":5,"minecraft:red_sand":1,"minecraft:acacia_log":3,"minecraft:grass_block":14,"minecraft:oak_log":45,"minecraft:dead_bush":50,"minecraft:stone":22,"minecraft:oak_leaves":12},"minecraft:killed":{"minecraft:chicken":2},"minecraft:used":{"minecraft:oak_log":6,"minecraft:wooden_axe":70,"minecraft:stone_pickaxe":14,"minecraft:oak_planks":15,"minecraft:wooden_pickaxe":10,"minecraft:wooden_shovel":46,"minecraft:cooked_chicken":2,"minecraft:wooden_sword":53,"minecraft:crafting_table":4,"tombstone:gift":1,"minecraft:egg":1,"minecraft:coarse_dirt":4}},"DataVersion":3700}