{"stats":{"minecraft:custom":{"minecraft:mob_kills":46,"minecraft:interact_with_crafting_table":23,"minecraft:open_barrel":7,"minecraft:leave_game":2,"minecraft:time_since_death":45940,"minecraft:climb_one_cm":3515,"minecraft:sprint_one_cm":351173,"minecraft:walk_one_cm":371384,"minecraft:damage_blocked_by_shield":2308,"minecraft:drop":67,"minecraft:play_time":169483,"minecraft:deaths":9,"minecraft:sneak_time":4518,"minecraft:walk_under_water_one_cm":15971,"minecraft:jump":3221,"minecraft:walk_on_water_one_cm":28751,"minecraft:total_world_time":169483,"minecraft:interact_with_furnace":32,"minecraft:interact_with_stonecutter":1,"minecraft:sleep_in_bed":1,"minecraft:time_since_rest":45544,"minecraft:damage_taken":4467,"minecraft:damage_dealt":6844,"minecraft:swim_one_cm":26899,"minecraft:player_kills":1,"minecraft:fly_one_cm":647591,"minecraft:open_chest":38,"minecraft:crouch_one_cm":13048,"tombstone:undead_killed":18,"minecraft:fall_one_cm":100538,"minecraft:horse_one_cm":525},"minecraft:crafted":{"minecraft:wooden_sword":1,"minecraft:oak_planks":152,"minecraft:cooked_chicken":4,"minecraft:furnace":1,"minecraft:cooked_mutton":9,"minecraft:glass":20,"minecraft:iron_axe":1,"minecraft:stone_pickaxe":1,"minecraft:wooden_shovel":1,"minecraft:diamond_sword":1,"minecraft:cooked_porkchop":8,"minecraft:crafting_table":5,"minecraft:wooden_pickaxe":1,"minecraft:iron_sword":1,"minecraft:air":0,"minecraft:wooden_hoe":1,"minecraft:diamond_pickaxe":1,"minecraft:shield":1,"minecraft:stick":12,"minecraft:iron_ingot":5,"minecraft:iron_pickaxe":2,"minecraft:wooden_axe":2,"minecraft:acacia_planks":36,"minecraft:torch":16},"minecraft:dropped":{"minecraft:enchanted_book":1,"minecraft:wheat_seeds":3,"minecraft:cobblestone":8,"minecraft:saddle":1,"tombstone:magic_scroll":1,"minecraft:mutton":5,"minecraft:wooden_axe":2,"minecraft:brown_wool":1,"tombstone:grave_dust":2,"minecraft:wooden_sword":3,"minecraft:iron_pickaxe":1,"minecraft:string":1,"minecraft:coarse_dirt":8,"minecraft:raw_copper":8,"minecraft:tuff":41,"minecraft:rotten_flesh":17,"minecraft:cooked_mutton":2,"minecraft:salmon":2,"minecraft:pumpkin_seeds":9,"minecraft:carrot":1,"minecraft:poppy":4,"minecraft:shield":2,"minecraft:gunpowder":2,"minecraft:bundle":1,"minecraft:diamond_pickaxe":1,"minecraft:oak_sapling":3,"minecraft:wooden_pickaxe":2,"minecraft:bell":2},"minecraft:killed_by":{"minecraft:husk":1,"minecraft:player":1,"minecraft:enderman":1,"minecraft:iron_golem":2,"minecraft:drowned":1,"minecraft:skeleton":1},"minecraft:picked_up":{"minecraft:wooden_axe":1,"minecraft:coarse_dirt":50,"minecraft:crafting_table":5,"minecraft:wheat":9,"minecraft:chicken":2,"minecraft:wooden_pickaxe":1,"minecraft:oak_stairs":2,"minecraft:enchanted_book":2,"minecraft:brewing_stand":1,"minecraft:shield":2,"minecraft:string":1,"minecraft:raw_copper":8,"minecraft:wooden_sword":2,"minecraft:red_sand":2,"minecraft:cobbled_deepslate":79,"minecraft:beef":4,"minecraft:poppy":4,"minecraft:sugar_cane":12,"minecraft:chest":2,"minecraft:egg":1,"minecraft:furnace":5,"minecraft:raw_iron":28,"minecraft:stick":82,"minecraft:brown_terracotta":3,"minecraft:torch":12,"minecraft:acacia_log":9,"minecraft:porkchop":13,"minecraft:pointed_dripstone":1,"minecraft:carrot":1,"minecraft:arrow":1,"minecraft:rotten_flesh":17,"minecraft:saddle":1,"minecraft:white_terracotta":5,"minecraft:mutton":19,"minecraft:white_wool":7,"minecraft:cobblestone":103,"minecraft:feather":3,"minecraft:andesite":20,"minecraft:brown_wool":1,"minecraft:leather":2,"minecraft:tuff":76,"minecraft:oak_log":44,"minecraft:gunpowder":2,"minecraft:dirt":16,"minecraft:orange_terracotta":32,"minecraft:bone":8,"minecraft:stonecutter":1,"minecraft:wheat_seeds":4,"minecraft:bell":2,"minecraft:iron_ingot":6,"tombstone:bag_of_seeds":1,"minecraft:acacia_sapling":2,"minecraft:oak_planks":10,"minecraft:cooked_porkchop":4,"minecraft:pumpkin":1,"minecraft:sand":64,"minecraft:white_bed":1,"minecraft:bundle":1,"minecraft:light_gray_terracotta":5,"minecraft:pumpkin_seeds":9,"minecraft:diamond":22,"minecraft:granite":18,"minecraft:gray_wool":1,"minecraft:terracotta":47,"tombstone:magic_scroll":2,"minecraft:oak_sapling":20,"minecraft:coal":102,"minecraft:diamond_pickaxe":1},"minecraft:broken":{"minecraft:wooden_shovel":1,"minecraft:iron_pickaxe":1,"minecraft:wooden_axe":1},"minecraft:mined":{"minecraft:tuff":52,"minecraft:white_bed":1,"minecraft:deepslate_diamond_ore":19,"minecraft:brewing_stand":1,"minecraft:granite":7,"minecraft:red_sand":2,"minecraft:acacia_log":3,"minecraft:grass_block":15,"minecraft:large_fern":1,"minecraft:tall_seagrass":3,"minecraft:furnace":6,"minecraft:iron_ore":30,"minecraft:cobbled_deepslate":4,"minecraft:andesite":21,"minecraft:pumpkin":1,"minecraft:bell":1,"minecraft:pointed_dripstone":1,"minecraft:oak_stairs":1,"minecraft:stone":106,"minecraft:orange_terracotta":32,"minecraft:powder_snow":1,"minecraft:crafting_table":5,"minecraft:torch":6,"minecraft:light_gray_terracotta":5,"minecraft:short_grass":10,"minecraft:chest":2,"minecraft:dead_bush":58,"minecraft:cobblestone":21,"minecraft:tall_grass":3,"minecraft:copper_ore":3,"minecraft:sugar_cane":10,"minecraft:oak_planks":9,"minecraft:wall_torch":7,"minecraft:white_terracotta":5,"minecraft:coarse_dirt":39,"minecraft:birch_leaves":1,"minecraft:oak_log":45,"minecraft:coal_ore":53,"minecraft:sand":63,"minecraft:brown_terracotta":3,"minecraft:terracotta":47,"minecraft:stonecutter":1,"minecraft:netherrack":1,"minecraft:oak_leaves":23,"minecraft:deepslate":118},"minecraft:killed":{"minecraft:cave_spider":1,"minecraft:spider":1,"minecraft:skeleton":4,"minecraft:chicken":2,"minecraft:husk":2,"minecraft:pig":6,"minecraft:iron_golem":2,"minecraft:creeper":2,"minecraft:sheep":10,"minecraft:zombie":12,"minecraft:cow":2},"minecraft:used":{"minecraft:red_sand":2,"minecraft:shield":49,"minecraft:iron_sword":177,"minecraft:wooden_shovel":60,"minecraft:cooked_salmon":1,"minecraft:cooked_chicken":4,"minecraft:torch":27,"minecraft:dirt":37,"minecraft:mutton":1,"minecraft:tuff":2,"minecraft:granite":18,"minecraft:glass":8,"minecraft:wooden_axe":76,"minecraft:iron_axe":12,"minecraft:furnace":5,"tombstone:gift":5,"minecraft:egg":1,"minecraft:cooked_beef":3,"minecraft:cobbled_deepslate":1,"minecraft:orange_terracotta":9,"minecraft:pumpkin":1,"minecraft:cooked_mutton":10,"minecraft:stone_pickaxe":108,"minecraft:oak_planks":57,"minecraft:wooden_pickaxe":10,"minecraft:terracotta":47,"minecraft:crafting_table":8,"minecraft:oak_log":6,"minecraft:diamond_pickaxe":83,"minecraft:bread":9,"minecraft:iron_pickaxe":350,"minecraft:diamond_sword":4,"minecraft:wooden_sword":53,"minecraft:cobblestone":100,"minecraft:cooked_porkchop":7,"minecraft:coarse_dirt":72}},"DataVersion":3700}