{"stats":{"minecraft:custom":{"minecraft:interact_with_furnace":14,"minecraft:mob_kills":2,"minecraft:interact_with_crafting_table":13,"minecraft:leave_game":1,"minecraft:time_since_death":37307,"minecraft:climb_one_cm":1080,"minecraft:time_since_rest":35972,"minecraft:sprint_one_cm":96673,"minecraft:damage_taken":1055,"minecraft:walk_one_cm":109491,"minecraft:drop":2,"minecraft:damage_dealt":195,"minecraft:swim_one_cm":17479,"minecraft:fly_one_cm":184081,"minecraft:open_chest":12,"minecraft:crouch_one_cm":253,"minecraft:play_time":47119,"minecraft:deaths":3,"minecraft:sneak_time":197,"minecraft:walk_under_water_one_cm":13194,"minecraft:jump":864,"minecraft:walk_on_water_one_cm":16661,"minecraft:total_world_time":47119,"minecraft:fall_one_cm":26227},"minecraft:dropped":{"minecraft:oak_sapling":2,"tombstone:grave_dust":1},"minecraft:crafted":{"minecraft:wooden_sword":1,"minecraft:oak_planks":152,"minecraft:wooden_shovel":1,"minecraft:crafting_table":2,"minecraft:wooden_pickaxe":1,"minecraft:cooked_chicken":2,"minecraft:air":0,"minecraft:glass":20,"minecraft:wooden_hoe":1,"minecraft:iron_axe":1,"minecraft:stick":12,"minecraft:iron_ingot":5,"minecraft:iron_pickaxe":1,"minecraft:stone_pickaxe":1,"minecraft:wooden_axe":2,"minecraft:acacia_planks":36},"minecraft:killed_by":{"minecraft:player":1,"minecraft:enderman":1,"minecraft:drowned":1},"minecraft:picked_up":{"minecraft:coarse_dirt":44,"minecraft:crafting_table":3,"minecraft:feather":3,"minecraft:chicken":2,"minecraft:andesite":11,"minecraft:oak_stairs":2,"minecraft:oak_log":44,"minecraft:dirt":15,"minecraft:orange_terracotta":18,"minecraft:wheat_seeds":1,"minecraft:red_sand":2,"minecraft:oak_planks":7,"minecraft:acacia_sapling":2,"minecraft:egg":1,"minecraft:stick":80,"minecraft:raw_iron":2,"minecraft:brown_terracotta":3,"minecraft:acacia_log":9,"minecraft:sand":64,"minecraft:light_gray_terracotta":5,"minecraft:terracotta":45,"minecraft:white_terracotta":5,"minecraft:oak_sapling":19,"minecraft:cobblestone":42},"minecraft:broken":{"minecraft:wooden_shovel":1,"minecraft:wooden_axe":1},"minecraft:mined":{"minecraft:orange_terracotta":19,"minecraft:crafting_table":2,"minecraft:light_gray_terracotta":5,"minecraft:acacia_log":3,"minecraft:short_grass":5,"minecraft:red_sand":2,"minecraft:grass_block":14,"minecraft:dead_bush":58,"minecraft:cobblestone":7,"minecraft:oak_planks":6,"minecraft:white_terracotta":5,"minecraft:tall_seagrass":3,"minecraft:coarse_dirt":37,"minecraft:iron_ore":2,"minecraft:andesite":11,"minecraft:oak_log":45,"minecraft:oak_stairs":1,"minecraft:sand":63,"minecraft:brown_terracotta":3,"minecraft:terracotta":45,"minecraft:stone":35,"minecraft:oak_leaves":12},"minecraft:killed":{"minecraft:chicken":2},"minecraft:used":{"minecraft:red_sand":2,"minecraft:stone_pickaxe":108,"minecraft:oak_planks":17,"minecraft:wooden_pickaxe":10,"minecraft:wooden_shovel":60,"minecraft:cooked_salmon":1,"minecraft:cooked_chicken":2,"minecraft:dirt":7,"minecraft:terracotta":16,"minecraft:crafting_table":4,"minecraft:oak_log":6,"minecraft:glass":8,"minecraft:wooden_axe":76,"minecraft:iron_axe":1,"minecraft:iron_pickaxe":21,"minecraft:wooden_sword":53,"minecraft:cobblestone":20,"tombstone:gift":1,"minecraft:egg":1,"minecraft:cooked_beef":3,"minecraft:coarse_dirt":44,"minecraft:orange_terracotta":9}},"DataVersion":3700}