{"stats":{"minecraft:custom":{"minecraft:jump":72,"minecraft:time_since_rest":630,"minecraft:crouch_one_cm":74,"minecraft:damage_taken":305,"minecraft:play_time":4136,"minecraft:sprint_one_cm":19221,"minecraft:time_since_death":1519,"minecraft:walk_one_cm":8932,"minecraft:deaths":1,"minecraft:sneak_time":19,"minecraft:total_world_time":4136,"minecraft:fly_one_cm":28051,"minecraft:fall_one_cm":3526},"minecraft:killed_by":{"minecraft:enderman":1},"minecraft:picked_up":{"minecraft:acacia_sapling":2,"minecraft:acacia_log":9},"minecraft:mined":{"minecraft:short_grass":4,"minecraft:acacia_log":3}},"DataVersion":3700}