{"stats":{"minecraft:custom":{"minecraft:interact_with_furnace":17,"minecraft:mob_kills":7,"minecraft:interact_with_crafting_table":18,"minecraft:open_barrel":7,"minecraft:interact_with_stonecutter":1,"minecraft:leave_game":1,"minecraft:time_since_death":540,"minecraft:sleep_in_bed":1,"minecraft:climb_one_cm":3515,"minecraft:time_since_rest":393,"minecraft:sprint_one_cm":185482,"minecraft:damage_taken":1928,"minecraft:walk_one_cm":194258,"minecraft:damage_blocked_by_shield":90,"minecraft:drop":2,"minecraft:damage_dealt":1017,"minecraft:swim_one_cm":19814,"minecraft:fly_one_cm":379253,"minecraft:open_chest":35,"minecraft:crouch_one_cm":3620,"minecraft:play_time":77119,"tombstone:undead_killed":3,"minecraft:deaths":6,"minecraft:sneak_time":970,"minecraft:walk_under_water_one_cm":13646,"minecraft:jump":1625,"minecraft:walk_on_water_one_cm":17914,"minecraft:total_world_time":77119,"minecraft:fall_one_cm":53143,"minecraft:horse_one_cm":525},"minecraft:dropped":{"minecraft:oak_sapling":2,"tombstone:grave_dust":1},"minecraft:crafted":{"minecraft:wooden_sword":1,"minecraft:oak_planks":152,"minecraft:wooden_shovel":1,"minecraft:crafting_table":3,"minecraft:wooden_pickaxe":1,"minecraft:cooked_chicken":2,"minecraft:iron_sword":1,"minecraft:air":0,"minecraft:glass":20,"minecraft:wooden_hoe":1,"minecraft:shield":1,"minecraft:iron_axe":1,"minecraft:stick":12,"minecraft:iron_ingot":5,"minecraft:iron_pickaxe":1,"minecraft:stone_pickaxe":1,"minecraft:wooden_axe":2,"minecraft:acacia_planks":36,"minecraft:torch":16},"minecraft:killed_by":{"minecraft:husk":1,"minecraft:player":1,"minecraft:enderman":1,"minecraft:iron_golem":2,"minecraft:drowned":1},"minecraft:picked_up":{"minecraft:coarse_dirt":44,"minecraft:crafting_table":4,"minecraft:feather":3,"minecraft:chicken":2,"minecraft:andesite":20,"minecraft:oak_stairs":2,"minecraft:oak_log":44,"minecraft:brewing_stand":1,"minecraft:raw_copper":8,"minecraft:dirt":15,"minecraft:orange_terracotta":32,"minecraft:stonecutter":1,"minecraft:wheat_seeds":1,"minecraft:red_sand":2,"minecraft:bell":1,"minecraft:iron_ingot":6,"minecraft:poppy":2,"minecraft:chest":2,"minecraft:oak_planks":10,"minecraft:acacia_sapling":2,"minecraft:egg":1,"minecraft:stick":80,"minecraft:raw_iron":4,"minecraft:brown_terracotta":3,"minecraft:torch":1,"minecraft:acacia_log":9,"minecraft:sand":64,"minecraft:pointed_dripstone":1,"minecraft:white_bed":1,"minecraft:light_gray_terracotta":5,"minecraft:arrow":1,"minecraft:rotten_flesh":3,"minecraft:granite":2,"minecraft:terracotta":47,"minecraft:white_terracotta":5,"minecraft:oak_sapling":19,"minecraft:coal":52,"minecraft:cobblestone":90},"minecraft:broken":{"minecraft:wooden_shovel":1,"minecraft:wooden_axe":1},"minecraft:mined":{"minecraft:white_bed":1,"minecraft:orange_terracotta":32,"minecraft:brewing_stand":1,"minecraft:torch":1,"minecraft:granite":3,"minecraft:crafting_table":3,"minecraft:light_gray_terracotta":5,"minecraft:acacia_log":3,"minecraft:short_grass":5,"minecraft:red_sand":2,"minecraft:grass_block":14,"minecraft:chest":2,"minecraft:dead_bush":58,"minecraft:copper_ore":3,"minecraft:cobblestone":7,"minecraft:oak_planks":9,"minecraft:wall_torch":1,"minecraft:white_terracotta":5,"minecraft:tall_seagrass":3,"minecraft:coarse_dirt":37,"minecraft:furnace":1,"minecraft:iron_ore":6,"minecraft:andesite":21,"minecraft:bell":1,"minecraft:pointed_dripstone":1,"minecraft:coal_ore":53,"minecraft:oak_log":45,"minecraft:oak_stairs":1,"minecraft:sand":63,"minecraft:brown_terracotta":3,"minecraft:terracotta":47,"minecraft:stonecutter":1,"minecraft:stone":99,"minecraft:oak_leaves":12},"minecraft:killed":{"minecraft:husk":2,"minecraft:iron_golem":2,"minecraft:skeleton":1,"minecraft:chicken":2},"minecraft:used":{"minecraft:cooked_mutton":3,"minecraft:red_sand":2,"minecraft:stone_pickaxe":108,"minecraft:oak_planks":53,"minecraft:shield":3,"minecraft:wooden_pickaxe":10,"minecraft:iron_sword":18,"minecraft:wooden_shovel":60,"minecraft:cooked_salmon":1,"minecraft:cooked_chicken":2,"minecraft:torch":3,"minecraft:dirt":7,"minecraft:terracotta":47,"minecraft:crafting_table":5,"minecraft:oak_log":6,"minecraft:glass":8,"minecraft:wooden_axe":76,"minecraft:iron_axe":9,"minecraft:bread":1,"minecraft:iron_pickaxe":180,"minecraft:wooden_sword":53,"minecraft:cobblestone":20,"tombstone:gift":1,"minecraft:egg":1,"minecraft:cooked_beef":3,"minecraft:coarse_dirt":44,"minecraft:orange_terracotta":9}},"DataVersion":3700}