{"stats":{"minecraft:custom":{"minecraft:interact_with_furnace":10,"minecraft:mob_kills":2,"minecraft:interact_with_crafting_table":12,"minecraft:leave_game":1,"minecraft:time_since_death":25307,"minecraft:time_since_rest":23972,"minecraft:sprint_one_cm":78855,"minecraft:damage_taken":1045,"minecraft:walk_one_cm":76590,"minecraft:drop":1,"minecraft:damage_dealt":138,"minecraft:swim_one_cm":17479,"minecraft:fly_one_cm":144461,"minecraft:open_chest":5,"minecraft:crouch_one_cm":243,"minecraft:play_time":35119,"minecraft:deaths":3,"minecraft:sneak_time":181,"minecraft:walk_under_water_one_cm":13194,"minecraft:jump":674,"minecraft:walk_on_water_one_cm":16661,"minecraft:total_world_time":35119,"minecraft:fall_one_cm":19293},"minecraft:dropped":{"tombstone:grave_dust":1},"minecraft:crafted":{"minecraft:wooden_sword":1,"minecraft:oak_planks":152,"minecraft:wooden_shovel":1,"minecraft:crafting_table":2,"minecraft:wooden_pickaxe":1,"minecraft:cooked_chicken":2,"minecraft:air":0,"minecraft:wooden_hoe":1,"minecraft:stick":12,"minecraft:stone_pickaxe":1,"minecraft:wooden_axe":2,"minecraft:acacia_planks":36},"minecraft:killed_by":{"minecraft:player":1,"minecraft:enderman":1,"minecraft:drowned":1},"minecraft:picked_up":{"minecraft:coarse_dirt":44,"minecraft:crafting_table":3,"minecraft:feather":3,"minecraft:chicken":2,"minecraft:andesite":11,"minecraft:oak_log":44,"minecraft:dirt":15,"minecraft:orange_terracotta":18,"minecraft:wheat_seeds":1,"minecraft:red_sand":2,"minecraft:acacia_sapling":2,"minecraft:egg":1,"minecraft:stick":73,"minecraft:raw_iron":2,"minecraft:brown_terracotta":3,"minecraft:acacia_log":9,"minecraft:light_gray_terracotta":5,"minecraft:terracotta":25,"minecraft:white_terracotta":5,"minecraft:oak_sapling":15,"minecraft:cobblestone":41},"minecraft:broken":{"minecraft:wooden_axe":1},"minecraft:mined":{"minecraft:orange_terracotta":18,"minecraft:crafting_table":2,"minecraft:light_gray_terracotta":5,"minecraft:acacia_log":3,"minecraft:short_grass":5,"minecraft:red_sand":2,"minecraft:grass_block":14,"minecraft:dead_bush":50,"minecraft:cobblestone":7,"minecraft:white_terracotta":5,"minecraft:tall_seagrass":3,"minecraft:coarse_dirt":37,"minecraft:iron_ore":2,"minecraft:andesite":11,"minecraft:oak_log":45,"minecraft:brown_terracotta":3,"minecraft:terracotta":25,"minecraft:stone":35,"minecraft:oak_leaves":12},"minecraft:killed":{"minecraft:chicken":2},"minecraft:used":{"minecraft:red_sand":2,"minecraft:stone_pickaxe":104,"minecraft:oak_planks":15,"minecraft:wooden_pickaxe":10,"minecraft:wooden_shovel":48,"minecraft:cooked_salmon":1,"minecraft:cooked_chicken":2,"minecraft:dirt":7,"minecraft:terracotta":16,"minecraft:crafting_table":4,"minecraft:oak_log":6,"minecraft:wooden_axe":70,"minecraft:wooden_sword":53,"minecraft:cobblestone":20,"tombstone:gift":1,"minecraft:egg":1,"minecraft:cooked_beef":1,"minecraft:coarse_dirt":44,"minecraft:orange_terracotta":4}},"DataVersion":3700}