{"stats":{"minecraft:custom":{"minecraft:interact_with_furnace":20,"minecraft:mob_kills":13,"minecraft:interact_with_crafting_table":19,"minecraft:open_barrel":7,"minecraft:interact_with_stonecutter":1,"minecraft:leave_game":1,"minecraft:time_since_death":6692,"minecraft:sleep_in_bed":1,"minecraft:climb_one_cm":3515,"minecraft:time_since_rest":6514,"minecraft:sprint_one_cm":215764,"minecraft:damage_taken":2892,"minecraft:walk_one_cm":223566,"minecraft:damage_blocked_by_shield":1363,"minecraft:drop":13,"minecraft:damage_dealt":1992,"minecraft:swim_one_cm":21826,"minecraft:fly_one_cm":430243,"minecraft:open_chest":35,"minecraft:crouch_one_cm":4868,"minecraft:play_time":89119,"tombstone:undead_killed":4,"minecraft:deaths":8,"minecraft:sneak_time":1412,"minecraft:walk_under_water_one_cm":13953,"minecraft:jump":1940,"minecraft:walk_on_water_one_cm":18932,"minecraft:total_world_time":89119,"minecraft:fall_one_cm":63327,"minecraft:horse_one_cm":525},"minecraft:dropped":{"minecraft:wheat_seeds":1,"minecraft:poppy":4,"minecraft:wooden_axe":2,"minecraft:oak_sapling":2,"tombstone:grave_dust":1,"minecraft:wooden_sword":3,"minecraft:wooden_pickaxe":2},"minecraft:crafted":{"minecraft:wooden_sword":1,"minecraft:oak_planks":152,"minecraft:wooden_shovel":1,"minecraft:crafting_table":3,"minecraft:wooden_pickaxe":1,"minecraft:cooked_chicken":4,"minecraft:iron_sword":1,"minecraft:furnace":1,"minecraft:air":0,"minecraft:glass":20,"minecraft:wooden_hoe":1,"minecraft:shield":1,"minecraft:iron_axe":1,"minecraft:stick":12,"minecraft:iron_ingot":5,"minecraft:iron_pickaxe":1,"minecraft:stone_pickaxe":1,"minecraft:wooden_axe":2,"minecraft:acacia_planks":36,"minecraft:torch":16},"minecraft:killed_by":{"minecraft:husk":1,"minecraft:player":1,"minecraft:skeleton":1,"minecraft:enderman":1,"minecraft:iron_golem":2,"minecraft:drowned":1},"minecraft:picked_up":{"minecraft:wooden_axe":1,"minecraft:coarse_dirt":44,"minecraft:crafting_table":4,"minecraft:feather":3,"minecraft:chicken":2,"minecraft:andesite":20,"minecraft:brown_wool":1,"minecraft:wooden_pickaxe":1,"minecraft:oak_stairs":2,"minecraft:oak_log":44,"minecraft:brewing_stand":1,"minecraft:wooden_sword":2,"minecraft:raw_copper":8,"minecraft:dirt":15,"minecraft:orange_terracotta":32,"minecraft:stonecutter":1,"minecraft:wheat_seeds":3,"minecraft:red_sand":2,"minecraft:bell":1,"minecraft:iron_ingot":6,"minecraft:poppy":4,"minecraft:sugar_cane":4,"minecraft:chest":2,"minecraft:oak_planks":10,"minecraft:acacia_sapling":2,"minecraft:furnace":1,"minecraft:egg":1,"minecraft:stick":80,"minecraft:raw_iron":28,"minecraft:pumpkin":1,"minecraft:brown_terracotta":3,"minecraft:torch":1,"minecraft:acacia_log":9,"minecraft:sand":64,"minecraft:pointed_dripstone":1,"minecraft:white_bed":1,"minecraft:light_gray_terracotta":5,"minecraft:arrow":1,"minecraft:rotten_flesh":5,"minecraft:granite":2,"minecraft:terracotta":47,"minecraft:white_terracotta":5,"minecraft:oak_sapling":19,"minecraft:mutton":7,"minecraft:coal":54,"minecraft:white_wool":2,"minecraft:cobblestone":94},"minecraft:broken":{"minecraft:wooden_shovel":1,"minecraft:wooden_axe":1},"minecraft:mined":{"minecraft:white_bed":1,"minecraft:orange_terracotta":32,"minecraft:powder_snow":1,"minecraft:brewing_stand":1,"minecraft:torch":1,"minecraft:granite":3,"minecraft:crafting_table":4,"minecraft:light_gray_terracotta":5,"minecraft:acacia_log":3,"minecraft:short_grass":5,"minecraft:red_sand":2,"minecraft:grass_block":14,"minecraft:chest":2,"minecraft:dead_bush":58,"minecraft:tall_grass":3,"minecraft:copper_ore":3,"minecraft:cobblestone":10,"minecraft:sugar_cane":3,"minecraft:oak_planks":9,"minecraft:wall_torch":1,"minecraft:white_terracotta":5,"minecraft:tall_seagrass":3,"minecraft:coarse_dirt":37,"minecraft:furnace":2,"minecraft:iron_ore":30,"minecraft:andesite":21,"minecraft:pumpkin":1,"minecraft:bell":1,"minecraft:pointed_dripstone":1,"minecraft:coal_ore":53,"minecraft:oak_log":45,"minecraft:oak_stairs":1,"minecraft:sand":63,"minecraft:brown_terracotta":3,"minecraft:terracotta":47,"minecraft:stonecutter":1,"minecraft:stone":100,"minecraft:oak_leaves":12},"minecraft:killed":{"minecraft:husk":2,"minecraft:cave_spider":1,"minecraft:iron_golem":2,"minecraft:sheep":4,"minecraft:skeleton":2,"minecraft:chicken":2},"minecraft:used":{"minecraft:cooked_mutton":3,"minecraft:red_sand":2,"minecraft:stone_pickaxe":108,"minecraft:oak_planks":57,"minecraft:shield":27,"minecraft:wooden_pickaxe":10,"minecraft:iron_sword":48,"minecraft:wooden_shovel":60,"minecraft:cooked_salmon":1,"minecraft:cooked_chicken":4,"minecraft:torch":3,"minecraft:dirt":12,"minecraft:terracotta":47,"minecraft:crafting_table":6,"minecraft:oak_log":6,"minecraft:glass":8,"minecraft:wooden_axe":76,"minecraft:iron_axe":11,"minecraft:bread":5,"minecraft:iron_pickaxe":211,"minecraft:wooden_sword":53,"minecraft:cobblestone":20,"minecraft:furnace":1,"tombstone:gift":3,"minecraft:egg":1,"minecraft:cooked_beef":3,"minecraft:coarse_dirt":44,"minecraft:orange_terracotta":9}},"DataVersion":3700}