{"stats":{"minecraft:custom":{"minecraft:time_since_rest":4989,"minecraft:crouch_one_cm":74,"minecraft:interact_with_furnace":2,"minecraft:sprint_one_cm":59155,"minecraft:play_time":16136,"minecraft:deaths":3,"minecraft:damage_taken":925,"minecraft:walk_one_cm":26984,"minecraft:sneak_time":32,"minecraft:walk_under_water_one_cm":2379,"minecraft:mob_kills":2,"minecraft:drop":1,"minecraft:jump":373,"minecraft:damage_dealt":128,"minecraft:time_since_death":6324,"minecraft:walk_on_water_one_cm":5657,"minecraft:total_world_time":16136,"minecraft:swim_one_cm":8047,"minecraft:interact_with_crafting_table":5,"minecraft:fall_one_cm":11752,"minecraft:fly_one_cm":115757},"minecraft:crafted":{"minecraft:wooden_sword":1,"minecraft:acacia_planks":36,"minecraft:wooden_hoe":1,"minecraft:stick":8,"minecraft:wooden_axe":1},"minecraft:dropped":{"tombstone:grave_dust":1},"minecraft:killed_by":{"minecraft:player":1,"minecraft:drowned":1,"minecraft:enderman":1},"minecraft:picked_up":{"minecraft:feather":3,"minecraft:chicken":2,"minecraft:wheat_seeds":1,"minecraft:acacia_log":9,"minecraft:acacia_sapling":2,"minecraft:stick":45},"minecraft:mined":{"minecraft:short_grass":5,"minecraft:acacia_log":3,"minecraft:dead_bush":48},"minecraft:killed":{"minecraft:chicken":2},"minecraft:used":{"minecraft:wooden_axe":1,"minecraft:wooden_sword":51,"tombstone:gift":1}},"DataVersion":3700}