{"stats":{"minecraft:custom":{"minecraft:interact_with_furnace":25,"minecraft:mob_kills":17,"minecraft:interact_with_crafting_table":22,"minecraft:time_since_death":370,"minecraft:time_since_rest":1,"minecraft:sprint_one_cm":103956,"minecraft:damage_taken":2737,"minecraft:walk_one_cm":156178,"minecraft:damage_blocked_by_shield":240,"minecraft:drop":17,"minecraft:damage_dealt":2952,"minecraft:swim_one_cm":5739,"minecraft:fly_one_cm":180106,"minecraft:crouch_one_cm":4971,"minecraft:play_time":57670,"tombstone:undead_killed":7,"minecraft:deaths":7,"minecraft:sneak_time":2772,"minecraft:walk_under_water_one_cm":2864,"minecraft:jump":752,"minecraft:walk_on_water_one_cm":5609,"minecraft:total_world_time":57670,"minecraft:fall_one_cm":18812},"minecraft:crafted":{"minecraft:crafting_table":4,"minecraft:wooden_pickaxe":1,"minecraft:furnace":2,"minecraft:stone_axe":1,"minecraft:cooked_mutton":6,"minecraft:air":0,"minecraft:iron_boots":1,"minecraft:shield":1,"minecraft:iron_axe":1,"minecraft:stick":16,"minecraft:iron_ingot":17,"minecraft:iron_pickaxe":1,"minecraft:stone_pickaxe":2,"minecraft:wooden_axe":1,"minecraft:iron_leggings":1,"minecraft:white_bed":1,"minecraft:acacia_planks":220},"minecraft:dropped":{"minecraft:stone_axe":1,"minecraft:wheat_seeds":3,"minecraft:oak_fence":1,"minecraft:feather":2,"minecraft:rotten_flesh":5,"minecraft:chest_minecart":1,"minecraft:stick":6,"minecraft:dirt":5,"minecraft:andesite":4,"minecraft:spider_eye":1,"minecraft:arrow":2,"minecraft:wooden_pickaxe":1,"minecraft:stone_pickaxe":1,"minecraft:string":3,"minecraft:white_wool":1,"minecraft:acacia_planks":10,"minecraft:bone":2},"minecraft:killed_by":{"minecraft:cave_spider":3,"minecraft:skeleton":1,"minecraft:zombie":2},"minecraft:picked_up":{"minecraft:cocoa_beans":3,"minecraft:crafting_table":3,"minecraft:feather":2,"minecraft:chicken":2,"minecraft:chest_minecart":1,"minecraft:andesite":4,"minecraft:enchanted_book":2,"minecraft:lapis_lazuli":16,"minecraft:dirt":5,"minecraft:string":3,"minecraft:raw_copper":9,"minecraft:bone":2,"minecraft:acacia_planks":1,"minecraft:bow":1,"minecraft:wheat_seeds":3,"minecraft:iron_ingot":1,"tombstone:bag_of_seeds":1,"minecraft:acacia_sapling":14,"minecraft:oak_planks":2,"minecraft:furnace":2,"minecraft:raw_iron":20,"minecraft:stick":8,"minecraft:oak_fence":1,"minecraft:torch":41,"minecraft:acacia_log":55,"tombstone:grave_dust":2,"minecraft:spider_eye":2,"minecraft:pumpkin_seeds":9,"minecraft:arrow":4,"minecraft:rotten_flesh":4,"minecraft:diamond":2,"minecraft:golden_apple":1,"minecraft:bread":3,"minecraft:melon_seeds":5,"minecraft:glow_berries":16,"minecraft:mutton":6,"minecraft:coal":136,"minecraft:white_wool":4,"minecraft:rail":29,"minecraft:cobblestone":177},"minecraft:broken":{"minecraft:stone_pickaxe":1,"minecraft:wooden_axe":1},"minecraft:mined":{"minecraft:acacia_leaves":1,"minecraft:oak_fence":2,"minecraft:crafting_table":3,"minecraft:short_grass":13,"minecraft:acacia_log":59,"minecraft:grass_block":2,"minecraft:copper_ore":2,"minecraft:cobblestone":12,"minecraft:lapis_ore":3,"minecraft:oak_planks":1,"minecraft:furnace":2,"minecraft:iron_ore":20,"minecraft:andesite":3,"minecraft:coal_ore":65,"minecraft:rail":1,"minecraft:dirt":4,"minecraft:acacia_planks":1,"minecraft:stone":168},"minecraft:killed":{"minecraft:cave_spider":3,"minecraft:creeper":1,"minecraft:sheep":4,"minecraft:skeleton":2,"minecraft:zombie":5,"minecraft:chicken":2},"minecraft:used":{"minecraft:cooked_mutton":6,"minecraft:stone_pickaxe":249,"minecraft:shield":8,"minecraft:wooden_pickaxe":10,"minecraft:glow_berries":7,"minecraft:crafting_table":6,"minecraft:white_bed":1,"tombstone:bag_of_seeds":2,"minecraft:wooden_axe":66,"minecraft:iron_axe":3,"minecraft:chicken":2,"minecraft:bread":3,"minecraft:iron_pickaxe":39,"minecraft:stone_axe":39,"minecraft:cobblestone":68,"minecraft:furnace":4,"tombstone:gift":2,"minecraft:acacia_planks":3}},"DataVersion":3700}