{"stats":{"minecraft:custom":{"minecraft:interact_with_furnace":15,"minecraft:mob_kills":16,"minecraft:interact_with_crafting_table":11,"minecraft:time_since_death":11247,"minecraft:time_since_rest":8995,"minecraft:sprint_one_cm":76409,"minecraft:damage_taken":2115,"minecraft:walk_one_cm":117018,"minecraft:damage_dealt":2750,"minecraft:swim_one_cm":5739,"minecraft:fly_one_cm":176994,"minecraft:crouch_one_cm":4757,"minecraft:play_time":45670,"tombstone:undead_killed":7,"minecraft:deaths":5,"minecraft:sneak_time":2555,"minecraft:walk_under_water_one_cm":2864,"minecraft:jump":694,"minecraft:walk_on_water_one_cm":5609,"minecraft:total_world_time":45670,"minecraft:fall_one_cm":18408},"minecraft:crafted":{"minecraft:crafting_table":3,"minecraft:wooden_pickaxe":1,"minecraft:furnace":1,"minecraft:stone_axe":1,"minecraft:cooked_mutton":6,"minecraft:air":0,"minecraft:stick":8,"minecraft:stone_pickaxe":2,"minecraft:wooden_axe":1,"minecraft:white_bed":1,"minecraft:acacia_planks":220},"minecraft:killed_by":{"minecraft:cave_spider":1,"minecraft:skeleton":1,"minecraft:zombie":2},"minecraft:picked_up":{"minecraft:crafting_table":2,"minecraft:feather":2,"minecraft:chicken":2,"minecraft:chest_minecart":1,"minecraft:andesite":4,"minecraft:enchanted_book":1,"minecraft:dirt":5,"minecraft:string":3,"minecraft:raw_copper":9,"minecraft:bone":2,"minecraft:acacia_planks":1,"minecraft:bow":1,"minecraft:wheat_seeds":3,"minecraft:acacia_sapling":14,"minecraft:oak_planks":2,"minecraft:furnace":1,"minecraft:raw_iron":2,"minecraft:stick":8,"minecraft:oak_fence":1,"minecraft:torch":2,"minecraft:acacia_log":55,"tombstone:grave_dust":2,"minecraft:spider_eye":1,"minecraft:arrow":2,"minecraft:rotten_flesh":4,"minecraft:diamond":1,"minecraft:bread":3,"minecraft:glow_berries":10,"minecraft:mutton":6,"minecraft:coal":125,"minecraft:white_wool":4,"minecraft:rail":14,"minecraft:cobblestone":143},"minecraft:broken":{"minecraft:stone_pickaxe":1,"minecraft:wooden_axe":1},"minecraft:mined":{"minecraft:acacia_leaves":1,"minecraft:oak_fence":2,"minecraft:crafting_table":2,"minecraft:short_grass":13,"minecraft:acacia_log":59,"minecraft:grass_block":2,"minecraft:copper_ore":2,"minecraft:cobblestone":12,"minecraft:oak_planks":1,"minecraft:furnace":1,"minecraft:iron_ore":2,"minecraft:andesite":3,"minecraft:coal_ore":65,"minecraft:rail":1,"minecraft:dirt":4,"minecraft:acacia_planks":1,"minecraft:stone":133},"minecraft:killed":{"minecraft:cave_spider":2,"minecraft:creeper":1,"minecraft:sheep":4,"minecraft:skeleton":2,"minecraft:zombie":5,"minecraft:chicken":2},"minecraft:used":{"minecraft:cooked_mutton":6,"minecraft:stone_pickaxe":231,"minecraft:wooden_pickaxe":10,"minecraft:crafting_table":5,"minecraft:white_bed":1,"minecraft:wooden_axe":66,"minecraft:chicken":2,"minecraft:stone_axe":39,"minecraft:cobblestone":60,"minecraft:furnace":2,"tombstone:gift":2,"minecraft:acacia_planks":3}},"DataVersion":3700}