{"stats":{"minecraft:custom":{"minecraft:interact_with_furnace":25,"minecraft:mob_kills":32,"minecraft:interact_with_crafting_table":27,"minecraft:leave_game":1,"minecraft:time_since_death":23664,"minecraft:time_since_rest":21873,"minecraft:sprint_one_cm":169116,"minecraft:damage_absorbed":20,"minecraft:damage_taken":4853,"minecraft:walk_one_cm":274902,"minecraft:damage_blocked_by_shield":1665,"minecraft:drop":39,"minecraft:damage_dealt":5302,"minecraft:swim_one_cm":6231,"minecraft:fly_one_cm":206507,"minecraft:open_chest":2,"minecraft:crouch_one_cm":13370,"minecraft:play_time":105213,"tombstone:undead_killed":15,"minecraft:deaths":11,"minecraft:sneak_time":6836,"minecraft:walk_under_water_one_cm":4886,"minecraft:jump":1237,"minecraft:walk_on_water_one_cm":10910,"minecraft:total_world_time":105213,"minecraft:fall_one_cm":27979},"minecraft:crafted":{"minecraft:crafting_table":4,"minecraft:wooden_pickaxe":1,"minecraft:furnace":2,"minecraft:stone_axe":1,"minecraft:cooked_mutton":6,"minecraft:air":0,"minecraft:diamond_helmet":1,"minecraft:diamond_leggings":1,"minecraft:iron_boots":1,"minecraft:diamond_pickaxe":1,"minecraft:shield":1,"minecraft:iron_axe":1,"minecraft:stick":20,"minecraft:iron_ingot":17,"minecraft:iron_pickaxe":1,"minecraft:stone_pickaxe":2,"minecraft:wooden_axe":1,"minecraft:diamond_boots":1,"minecraft:iron_leggings":1,"minecraft:white_bed":1,"minecraft:acacia_planks":220,"minecraft:diamond_chestplate":1},"minecraft:dropped":{"minecraft:stone_axe":1,"minecraft:wheat_seeds":3,"minecraft:detector_rail":6,"minecraft:cobbled_deepslate":72,"minecraft:cocoa_beans":3,"minecraft:oak_fence":1,"minecraft:feather":2,"minecraft:rotten_flesh":8,"minecraft:iron_boots":1,"minecraft:chest_minecart":2,"minecraft:rail":38,"minecraft:stick":12,"minecraft:dirt":5,"minecraft:andesite":4,"minecraft:acacia_sapling":14,"minecraft:iron_leggings":1,"minecraft:spider_eye":4,"minecraft:arrow":24,"minecraft:bow":1,"minecraft:wooden_pickaxe":1,"minecraft:stone_pickaxe":1,"minecraft:iron_pickaxe":2,"minecraft:string":8,"minecraft:white_wool":1,"minecraft:acacia_planks":74,"minecraft:bone":6},"minecraft:killed_by":{"minecraft:cave_spider":3,"minecraft:skeleton":5,"minecraft:zombie":2},"minecraft:picked_up":{"minecraft:cocoa_beans":6,"minecraft:crafting_table":5,"minecraft:feather":2,"minecraft:chicken":2,"minecraft:glow_ink_sac":3,"minecraft:chest_minecart":2,"minecraft:andesite":5,"minecraft:enchanted_book":4,"minecraft:tuff":24,"minecraft:lapis_lazuli":16,"minecraft:dirt":5,"minecraft:string":8,"minecraft:raw_copper":9,"minecraft:bone":3,"minecraft:acacia_planks":65,"minecraft:bow":1,"minecraft:wheat_seeds":3,"minecraft:cobbled_deepslate":136,"minecraft:detector_rail":12,"minecraft:raw_gold":9,"tombstone:tablet_of_guard":2,"minecraft:iron_ingot":1,"tombstone:bag_of_seeds":1,"minecraft:iron_pickaxe":1,"minecraft:acacia_sapling":28,"minecraft:oak_planks":2,"minecraft:furnace":3,"minecraft:raw_iron":55,"minecraft:stick":10,"minecraft:oak_fence":1,"minecraft:torch":58,"minecraft:acacia_log":55,"tombstone:grave_dust":3,"minecraft:redstone":35,"minecraft:spider_eye":4,"minecraft:pumpkin_seeds":9,"minecraft:arrow":23,"minecraft:rotten_flesh":4,"minecraft:diamond":52,"minecraft:granite":11,"minecraft:golden_apple":1,"minecraft:bread":13,"minecraft:melon_seeds":8,"minecraft:glow_berries":19,"minecraft:mutton":6,"minecraft:coal":142,"minecraft:white_wool":4,"minecraft:rail":38,"minecraft:cobblestone":249},"minecraft:broken":{"minecraft:stone_pickaxe":1,"minecraft:wooden_axe":1},"minecraft:mined":{"minecraft:deepslate_redstone_ore":8,"minecraft:tuff":27,"minecraft:acacia_leaves":1,"minecraft:deepslate_diamond_ore":50,"minecraft:oak_fence":2,"minecraft:crafting_table":5,"minecraft:granite":11,"minecraft:short_grass":13,"minecraft:acacia_log":59,"minecraft:grass_block":2,"minecraft:copper_ore":2,"minecraft:cobblestone":43,"minecraft:deepslate_gold_ore":5,"minecraft:lapis_ore":3,"minecraft:oak_planks":1,"minecraft:furnace":3,"minecraft:iron_ore":30,"minecraft:andesite":4,"minecraft:deepslate_iron_ore":8,"minecraft:coal_ore":65,"minecraft:rail":3,"minecraft:dirt":4,"minecraft:acacia_planks":1,"minecraft:stone":213,"minecraft:gold_ore":4,"minecraft:deepslate":163,"minecraft:tripwire":2},"minecraft:killed":{"minecraft:cave_spider":9,"minecraft:spider":1,"minecraft:creeper":1,"minecraft:sheep":4,"minecraft:skeleton":7,"minecraft:zombie":8,"minecraft:chicken":2},"minecraft:used":{"minecraft:cooked_mutton":6,"minecraft:stone_pickaxe":249,"minecraft:shield":42,"minecraft:wooden_pickaxe":10,"minecraft:rotten_flesh":4,"minecraft:golden_apple":1,"minecraft:glow_berries":34,"minecraft:crafting_table":8,"minecraft:white_bed":1,"tombstone:bag_of_seeds":2,"minecraft:wooden_axe":66,"minecraft:diamond_pickaxe":238,"minecraft:iron_axe":45,"minecraft:chicken":2,"minecraft:bread":13,"minecraft:string":2,"minecraft:iron_pickaxe":169,"minecraft:stone_axe":39,"minecraft:cobblestone":202,"minecraft:furnace":4,"minecraft:andesite":1,"tombstone:gift":4,"minecraft:acacia_planks":3}},"DataVersion":3700}