{"stats":{"minecraft:custom":{"minecraft:time_since_rest":708,"minecraft:interact_with_furnace":13,"minecraft:sprint_one_cm":54695,"minecraft:damage_taken":1700,"minecraft:walk_one_cm":87968,"minecraft:mob_kills":11,"minecraft:damage_dealt":1333,"minecraft:interact_with_crafting_table":9,"minecraft:swim_one_cm":4797,"minecraft:fly_one_cm":153444,"minecraft:deaths":4,"minecraft:crouch_one_cm":4757,"minecraft:play_time":33670,"tombstone:undead_killed":3,"minecraft:sneak_time":2555,"minecraft:walk_under_water_one_cm":2713,"minecraft:jump":586,"minecraft:time_since_death":2562,"minecraft:walk_on_water_one_cm":4934,"minecraft:total_world_time":33670,"minecraft:fall_one_cm":16648},"minecraft:crafted":{"minecraft:crafting_table":2,"minecraft:stick":8,"minecraft:wooden_pickaxe":1,"minecraft:stone_pickaxe":2,"minecraft:wooden_axe":1,"minecraft:furnace":1,"minecraft:acacia_planks":36,"minecraft:stone_axe":1,"minecraft:air":0,"minecraft:cooked_mutton":6},"minecraft:killed_by":{"minecraft:cave_spider":1,"minecraft:skeleton":1,"minecraft:zombie":1},"minecraft:picked_up":{"minecraft:stick":8,"minecraft:crafting_table":2,"minecraft:feather":2,"minecraft:chicken":2,"minecraft:andesite":1,"minecraft:oak_fence":1,"minecraft:acacia_log":55,"tombstone:grave_dust":1,"minecraft:spider_eye":1,"minecraft:string":3,"minecraft:dirt":5,"minecraft:raw_copper":9,"minecraft:arrow":2,"minecraft:bone":2,"minecraft:bow":1,"minecraft:wheat_seeds":3,"minecraft:oak_planks":1,"minecraft:mutton":6,"minecraft:acacia_sapling":14,"minecraft:coal":125,"minecraft:white_wool":4,"minecraft:cobblestone":131,"minecraft:furnace":1},"minecraft:broken":{"minecraft:stone_pickaxe":1,"minecraft:wooden_axe":1},"minecraft:mined":{"minecraft:acacia_leaves":1,"minecraft:furnace":1,"minecraft:andesite":1,"minecraft:oak_fence":2,"minecraft:crafting_table":2,"minecraft:short_grass":13,"minecraft:acacia_log":59,"minecraft:grass_block":2,"minecraft:coal_ore":65,"minecraft:dirt":4,"minecraft:copper_ore":2,"minecraft:cobblestone":6,"minecraft:stone":132,"minecraft:oak_planks":1},"minecraft:used":{"minecraft:cooked_mutton":5,"minecraft:wooden_axe":66,"minecraft:chicken":2,"minecraft:stone_pickaxe":218,"minecraft:wooden_pickaxe":10,"minecraft:stone_axe":15,"minecraft:cobblestone":46,"minecraft:crafting_table":4,"minecraft:furnace":1,"tombstone:gift":2},"minecraft:killed":{"minecraft:skeleton":2,"minecraft:sheep":4,"minecraft:cave_spider":2,"minecraft:zombie":1,"minecraft:chicken":2}},"DataVersion":3700}