{"stats":{"minecraft:custom":{"minecraft:time_since_rest":21670,"minecraft:interact_with_furnace":13,"minecraft:sprint_one_cm":27640,"minecraft:damage_taken":490,"minecraft:walk_one_cm":57913,"minecraft:mob_kills":9,"minecraft:damage_dealt":919,"minecraft:interact_with_crafting_table":9,"minecraft:swim_one_cm":3931,"minecraft:fly_one_cm":45566,"minecraft:crouch_one_cm":4441,"minecraft:play_time":21670,"tombstone:undead_killed":2,"minecraft:sneak_time":2007,"minecraft:walk_under_water_one_cm":1457,"minecraft:jump":276,"minecraft:time_since_death":21670,"minecraft:walk_on_water_one_cm":2296,"minecraft:total_world_time":21670,"minecraft:fall_one_cm":8873},"minecraft:crafted":{"minecraft:crafting_table":2,"minecraft:stick":8,"minecraft:wooden_pickaxe":1,"minecraft:stone_pickaxe":2,"minecraft:wooden_axe":1,"minecraft:furnace":1,"minecraft:acacia_planks":36,"minecraft:stone_axe":1,"minecraft:air":0,"minecraft:cooked_mutton":6},"minecraft:picked_up":{"minecraft:stick":8,"minecraft:crafting_table":2,"minecraft:feather":2,"minecraft:chicken":2,"minecraft:acacia_log":55,"tombstone:grave_dust":1,"minecraft:string":2,"minecraft:dirt":2,"minecraft:raw_copper":9,"minecraft:arrow":2,"minecraft:bone":2,"minecraft:bow":1,"minecraft:wheat_seeds":3,"minecraft:oak_planks":1,"minecraft:mutton":6,"minecraft:acacia_sapling":14,"minecraft:coal":125,"minecraft:white_wool":4,"minecraft:cobblestone":109,"minecraft:furnace":1},"minecraft:broken":{"minecraft:stone_pickaxe":1,"minecraft:wooden_axe":1},"minecraft:mined":{"minecraft:acacia_leaves":1,"minecraft:furnace":1,"minecraft:crafting_table":2,"minecraft:short_grass":13,"minecraft:acacia_log":59,"minecraft:grass_block":1,"minecraft:coal_ore":65,"minecraft:dirt":1,"minecraft:copper_ore":2,"minecraft:cobblestone":2,"minecraft:stone":114,"minecraft:oak_planks":1},"minecraft:used":{"minecraft:cooked_mutton":4,"minecraft:wooden_axe":66,"minecraft:chicken":2,"minecraft:stone_pickaxe":190,"minecraft:wooden_pickaxe":10,"minecraft:stone_axe":12,"minecraft:cobblestone":31,"minecraft:crafting_table":4,"minecraft:furnace":1},"minecraft:killed":{"minecraft:skeleton":2,"minecraft:sheep":4,"minecraft:cave_spider":1,"minecraft:chicken":2}},"DataVersion":3700}