{"stats":{"minecraft:custom":{"minecraft:interact_with_furnace":25,"minecraft:mob_kills":26,"minecraft:interact_with_crafting_table":22,"minecraft:time_since_death":1048,"minecraft:time_since_rest":667,"minecraft:sprint_one_cm":140688,"minecraft:damage_absorbed":20,"minecraft:damage_taken":4269,"minecraft:walk_one_cm":209142,"minecraft:damage_blocked_by_shield":1290,"minecraft:drop":18,"minecraft:damage_dealt":4302,"minecraft:swim_one_cm":5739,"minecraft:fly_one_cm":192090,"minecraft:crouch_one_cm":10640,"minecraft:play_time":75670,"tombstone:undead_killed":10,"minecraft:deaths":10,"minecraft:sneak_time":5247,"minecraft:walk_under_water_one_cm":2864,"minecraft:jump":935,"minecraft:walk_on_water_one_cm":5609,"minecraft:total_world_time":75670,"minecraft:fall_one_cm":22364},"minecraft:crafted":{"minecraft:crafting_table":4,"minecraft:wooden_pickaxe":1,"minecraft:furnace":2,"minecraft:stone_axe":1,"minecraft:cooked_mutton":6,"minecraft:air":0,"minecraft:iron_boots":1,"minecraft:shield":1,"minecraft:iron_axe":1,"minecraft:stick":16,"minecraft:iron_ingot":17,"minecraft:iron_pickaxe":1,"minecraft:stone_pickaxe":2,"minecraft:wooden_axe":1,"minecraft:iron_leggings":1,"minecraft:white_bed":1,"minecraft:acacia_planks":220},"minecraft:dropped":{"minecraft:stone_axe":1,"minecraft:wheat_seeds":3,"minecraft:oak_fence":1,"minecraft:feather":2,"minecraft:rotten_flesh":5,"minecraft:chest_minecart":1,"minecraft:stick":6,"minecraft:dirt":5,"minecraft:andesite":4,"minecraft:spider_eye":1,"minecraft:arrow":2,"minecraft:wooden_pickaxe":1,"minecraft:stone_pickaxe":1,"minecraft:string":3,"minecraft:white_wool":1,"minecraft:acacia_planks":74,"minecraft:bone":2},"minecraft:killed_by":{"minecraft:cave_spider":3,"minecraft:skeleton":4,"minecraft:zombie":2},"minecraft:picked_up":{"minecraft:cocoa_beans":3,"minecraft:crafting_table":4,"minecraft:feather":2,"minecraft:chicken":2,"minecraft:chest_minecart":2,"minecraft:andesite":5,"minecraft:enchanted_book":3,"minecraft:lapis_lazuli":16,"minecraft:dirt":5,"minecraft:string":7,"minecraft:raw_copper":9,"minecraft:bone":2,"minecraft:acacia_planks":65,"minecraft:bow":1,"minecraft:wheat_seeds":3,"minecraft:detector_rail":6,"tombstone:tablet_of_guard":1,"minecraft:iron_ingot":1,"tombstone:bag_of_seeds":1,"minecraft:acacia_sapling":14,"minecraft:oak_planks":2,"minecraft:furnace":3,"minecraft:raw_iron":27,"minecraft:stick":8,"minecraft:oak_fence":1,"minecraft:torch":58,"minecraft:acacia_log":55,"tombstone:grave_dust":3,"minecraft:spider_eye":3,"minecraft:pumpkin_seeds":9,"minecraft:arrow":6,"minecraft:rotten_flesh":4,"minecraft:diamond":2,"minecraft:granite":11,"minecraft:golden_apple":1,"minecraft:bread":13,"minecraft:melon_seeds":8,"minecraft:glow_berries":19,"minecraft:mutton":6,"minecraft:coal":142,"minecraft:white_wool":4,"minecraft:rail":38,"minecraft:cobblestone":238},"minecraft:broken":{"minecraft:stone_pickaxe":1,"minecraft:wooden_axe":1},"minecraft:mined":{"minecraft:acacia_leaves":1,"minecraft:oak_fence":2,"minecraft:crafting_table":4,"minecraft:granite":11,"minecraft:short_grass":13,"minecraft:acacia_log":59,"minecraft:grass_block":2,"minecraft:copper_ore":2,"minecraft:cobblestone":31,"minecraft:lapis_ore":3,"minecraft:oak_planks":1,"minecraft:furnace":3,"minecraft:iron_ore":29,"minecraft:andesite":4,"minecraft:coal_ore":65,"minecraft:rail":3,"minecraft:dirt":4,"minecraft:acacia_planks":1,"minecraft:stone":213,"minecraft:deepslate":1,"minecraft:tripwire":2},"minecraft:killed":{"minecraft:cave_spider":9,"minecraft:creeper":1,"minecraft:sheep":4,"minecraft:skeleton":4,"minecraft:zombie":6,"minecraft:chicken":2},"minecraft:used":{"minecraft:cooked_mutton":6,"minecraft:stone_pickaxe":249,"minecraft:shield":35,"minecraft:wooden_pickaxe":10,"minecraft:golden_apple":1,"minecraft:glow_berries":22,"minecraft:crafting_table":6,"minecraft:white_bed":1,"tombstone:bag_of_seeds":2,"minecraft:wooden_axe":66,"minecraft:iron_axe":29,"minecraft:chicken":2,"minecraft:bread":13,"minecraft:string":2,"minecraft:iron_pickaxe":128,"minecraft:stone_axe":39,"minecraft:cobblestone":146,"minecraft:furnace":4,"minecraft:andesite":1,"tombstone:gift":4,"minecraft:acacia_planks":3}},"DataVersion":3700}