{"stats":{"minecraft:custom":{"minecraft:mob_kills":51,"minecraft:interact_with_crafting_table":31,"minecraft:leave_game":1,"minecraft:time_since_death":9550,"minecraft:sprint_one_cm":254958,"minecraft:walk_one_cm":433555,"minecraft:damage_blocked_by_shield":1770,"minecraft:drop":67,"minecraft:play_time":169757,"minecraft:deaths":19,"minecraft:sneak_time":11201,"minecraft:walk_under_water_one_cm":11320,"minecraft:jump":2432,"minecraft:walk_on_water_one_cm":27098,"minecraft:total_world_time":169757,"minecraft:interact_with_furnace":35,"minecraft:time_since_rest":8677,"minecraft:damage_taken":7616,"minecraft:damage_absorbed":20,"minecraft:damage_dealt":8996,"minecraft:swim_one_cm":7174,"minecraft:fly_one_cm":341711,"minecraft:open_chest":2,"minecraft:crouch_one_cm":21275,"tombstone:undead_killed":30,"minecraft:fall_one_cm":47891},"minecraft:crafted":{"minecraft:furnace":3,"minecraft:cooked_mutton":11,"minecraft:diamond_helmet":1,"minecraft:iron_boots":1,"minecraft:diamond_leggings":1,"minecraft:iron_axe":1,"minecraft:stone_pickaxe":2,"minecraft:diamond_boots":1,"minecraft:crafting_table":4,"minecraft:wooden_pickaxe":1,"minecraft:bucket":1,"minecraft:stone_axe":1,"minecraft:air":0,"minecraft:diamond_pickaxe":1,"minecraft:shield":1,"minecraft:stick":20,"minecraft:iron_ingot":20,"minecraft:iron_pickaxe":1,"minecraft:wooden_axe":1,"minecraft:iron_leggings":1,"minecraft:white_bed":1,"minecraft:acacia_planks":220,"minecraft:diamond_chestplate":1},"minecraft:dropped":{"minecraft:iron_ingot":1,"minecraft:wheat_seeds":3,"minecraft:diamond":3,"minecraft:crafting_table":1,"minecraft:feather":2,"minecraft:oak_fence":1,"minecraft:cobblestone":16,"minecraft:chest_minecart":2,"minecraft:granite":11,"minecraft:saddle":1,"minecraft:rail":38,"minecraft:stick":16,"minecraft:dirt":5,"minecraft:brown_wool":2,"minecraft:iron_leggings":1,"minecraft:iron_pickaxe":4,"minecraft:string":9,"minecraft:white_wool":1,"minecraft:acacia_planks":74,"minecraft:bone":6,"minecraft:stone_axe":1,"minecraft:detector_rail":6,"minecraft:cobbled_deepslate":201,"minecraft:cocoa_beans":3,"minecraft:tuff":31,"minecraft:rotten_flesh":10,"minecraft:iron_boots":1,"minecraft:salmon":2,"minecraft:pumpkin_seeds":9,"minecraft:shield":1,"minecraft:bundle":2,"minecraft:andesite":4,"minecraft:melon_seeds":8,"minecraft:acacia_sapling":14,"minecraft:spider_eye":5,"minecraft:arrow":24,"minecraft:bow":1,"minecraft:wooden_pickaxe":1,"minecraft:stone_pickaxe":1},"minecraft:killed_by":{"minecraft:player":1,"minecraft:creeper":1,"minecraft:cave_spider":3,"minecraft:skeleton":6,"minecraft:zombie":3},"minecraft:picked_up":{"minecraft:cocoa_beans":6,"minecraft:crafting_table":7,"minecraft:chicken":2,"minecraft:chest_minecart":2,"minecraft:enchanted_book":5,"minecraft:shield":1,"minecraft:string":10,"minecraft:raw_copper":9,"minecraft:cobbled_deepslate":307,"minecraft:detector_rail":12,"minecraft:iron_pickaxe":3,"minecraft:furnace":4,"minecraft:stick":12,"minecraft:raw_iron":80,"minecraft:oak_fence":1,"minecraft:torch":60,"minecraft:acacia_log":55,"tombstone:grave_dust":7,"minecraft:carrot":1,"minecraft:redstone":35,"minecraft:arrow":23,"minecraft:rotten_flesh":12,"minecraft:saddle":1,"minecraft:obsidian":10,"minecraft:glow_berries":19,"minecraft:mutton":11,"minecraft:rail":38,"minecraft:white_wool":4,"minecraft:cobblestone":268,"minecraft:feather":2,"minecraft:glow_ink_sac":3,"minecraft:salmon":4,"minecraft:andesite":5,"minecraft:brown_wool":3,"minecraft:tuff":98,"minecraft:lapis_lazuli":16,"minecraft:dirt":5,"minecraft:cooked_mutton":2,"minecraft:bone":3,"minecraft:acacia_planks":65,"minecraft:bow":1,"minecraft:wheat_seeds":3,"minecraft:raw_gold":16,"minecraft:bell":2,"tombstone:tablet_of_guard":2,"minecraft:iron_ingot":2,"tombstone:bag_of_seeds":1,"minecraft:oak_planks":2,"minecraft:acacia_sapling":28,"minecraft:spider_eye":5,"minecraft:bundle":4,"minecraft:pumpkin_seeds":18,"minecraft:diamond":61,"minecraft:granite":11,"minecraft:golden_apple":1,"minecraft:bread":13,"minecraft:melon_seeds":16,"minecraft:coal":205},"minecraft:broken":{"minecraft:stone_pickaxe":1,"minecraft:wooden_axe":1},"minecraft:mined":{"minecraft:tuff":61,"minecraft:deepslate_diamond_ore":59,"minecraft:obsidian":10,"minecraft:granite":13,"minecraft:acacia_log":59,"minecraft:grass_block":2,"minecraft:furnace":4,"minecraft:iron_ore":35,"minecraft:cobbled_deepslate":2,"minecraft:andesite":4,"minecraft:deepslate_iron_ore":8,"minecraft:rail":3,"minecraft:stone":215,"minecraft:tripwire":2,"minecraft:deepslate_redstone_ore":8,"minecraft:acacia_leaves":1,"minecraft:oak_fence":2,"minecraft:crafting_table":6,"minecraft:short_grass":13,"minecraft:copper_ore":2,"minecraft:cobblestone":48,"minecraft:lapis_ore":3,"minecraft:deepslate_gold_ore":12,"minecraft:oak_planks":1,"minecraft:wall_torch":2,"minecraft:coal_ore":65,"minecraft:dirt":4,"minecraft:acacia_planks":1,"minecraft:gold_ore":4,"minecraft:deepslate":342},"minecraft:used":{"minecraft:shield":45,"minecraft:rotten_flesh":8,"minecraft:carrot":1,"minecraft:tuff":20,"minecraft:wooden_axe":66,"minecraft:lava_bucket":19,"minecraft:iron_axe":117,"minecraft:furnace":6,"tombstone:gift":4,"minecraft:acacia_planks":3,"minecraft:cobbled_deepslate":56,"minecraft:cooked_mutton":13,"minecraft:stone_pickaxe":249,"minecraft:wooden_pickaxe":10,"minecraft:golden_apple":1,"minecraft:glow_berries":34,"minecraft:crafting_table":9,"minecraft:white_bed":1,"tombstone:bag_of_seeds":2,"minecraft:diamond_pickaxe":367,"minecraft:chicken":2,"minecraft:bread":13,"minecraft:string":2,"minecraft:iron_pickaxe":297,"minecraft:stone_axe":39,"minecraft:cobblestone":227,"minecraft:bucket":19,"minecraft:andesite":1},"minecraft:killed":{"minecraft:cave_spider":9,"minecraft:spider":4,"minecraft:skeleton":15,"minecraft:chicken":2,"minecraft:creeper":1,"minecraft:sheep":4,"minecraft:zombie":15}},"DataVersion":3700}