{"stats":{"minecraft:custom":{"minecraft:time_since_rest":9670,"minecraft:crouch_one_cm":347,"minecraft:play_time":9670,"minecraft:sprint_one_cm":16318,"minecraft:damage_taken":40,"minecraft:walk_one_cm":23673,"minecraft:sneak_time":104,"minecraft:walk_under_water_one_cm":1457,"minecraft:jump":140,"minecraft:walk_on_water_one_cm":2296,"minecraft:time_since_death":9670,"minecraft:total_world_time":9670,"minecraft:swim_one_cm":3931,"minecraft:interact_with_crafting_table":5,"minecraft:fall_one_cm":5947,"minecraft:fly_one_cm":27664},"minecraft:crafted":{"minecraft:acacia_planks":36,"minecraft:crafting_table":2,"minecraft:stick":8,"minecraft:wooden_pickaxe":1,"minecraft:stone_pickaxe":1,"minecraft:wooden_axe":1},"minecraft:picked_up":{"minecraft:crafting_table":1,"minecraft:stick":8,"minecraft:wheat_seeds":1,"minecraft:acacia_log":55,"minecraft:dirt":1,"minecraft:coal":46,"minecraft:acacia_sapling":14,"minecraft:cobblestone":13},"minecraft:mined":{"minecraft:short_grass":7,"minecraft:acacia_log":59,"minecraft:coal_ore":48,"minecraft:acacia_leaves":1,"minecraft:dirt":1,"minecraft:stone":13,"minecraft:crafting_table":1},"minecraft:used":{"minecraft:wooden_axe":61,"minecraft:crafting_table":2,"minecraft:stone_pickaxe":59,"minecraft:wooden_pickaxe":3}},"DataVersion":3700}