{"stats":{"minecraft:mined":{"minecraft:short_grass":3},"minecraft:custom":{"minecraft:jump":122,"minecraft:time_since_rest":2311,"minecraft:damage_dealt":8,"minecraft:leave_game":1,"minecraft:deaths":1,"minecraft:sprint_one_cm":6805,"minecraft:play_time":2872,"minecraft:damage_taken":488,"minecraft:time_since_death":2224,"minecraft:walk_one_cm":1686,"minecraft:total_world_time":2872,"minecraft:fall_one_cm":9642,"minecraft:fly_one_cm":23301},"minecraft:killed_by":{"minecraft:zombie":1}},"DataVersion":3700}