{"stats":{"minecraft:used":{"minecraft:wooden_sword":12,"minecraft:crafting_table":1,"minecraft:wooden_axe":38},"minecraft:crafted":{"minecraft:wooden_sword":1,"minecraft:acacia_planks":24,"minecraft:crafting_table":1,"minecraft:stick":8,"minecraft:wooden_pickaxe":1,"minecraft:wooden_axe":1},"minecraft:mined":{"minecraft:short_grass":14,"minecraft:acacia_log":31,"minecraft:grass_block":12,"minecraft:tall_grass":1,"minecraft:crafting_table":1},"minecraft:killed_by":{"minecraft:skeleton":1,"minecraft:spider":1,"minecraft:zombie":2},"minecraft:picked_up":{"minecraft:stick":6,"minecraft:crafting_table":1,"minecraft:leather":1,"minecraft:wheat_seeds":2,"minecraft:acacia_log":36,"minecraft:acacia_sapling":11,"minecraft:dirt":12},"minecraft:custom":{"minecraft:play_time":10794,"minecraft:crouch_one_cm":614,"minecraft:time_since_rest":35,"minecraft:sprint_one_cm":23671,"minecraft:damage_taken":1343,"minecraft:walk_one_cm":12658,"minecraft:deaths":5,"minecraft:sneak_time":197,"minecraft:mob_kills":3,"minecraft:jump":242,"minecraft:damage_dealt":818,"minecraft:leave_game":7,"minecraft:time_since_death":693,"minecraft:total_world_time":10794,"minecraft:interact_with_crafting_table":2,"minecraft:fall_one_cm":15820,"minecraft:fly_one_cm":54273},"minecraft:killed":{"minecraft:spider":1}},"DataVersion":3700}