{"stats":{"minecraft:killed_by":{"minecraft:zombie":1},"minecraft:custom":{"minecraft:jump":183,"minecraft:crouch_one_cm":614,"minecraft:time_since_rest":1405,"minecraft:damage_dealt":293,"minecraft:damage_taken":673,"minecraft:leave_game":3,"minecraft:play_time":4765,"minecraft:sprint_one_cm":11451,"minecraft:time_since_death":1381,"minecraft:walk_one_cm":4645,"minecraft:deaths":2,"minecraft:sneak_time":197,"minecraft:total_world_time":4765,"minecraft:mob_kills":1,"minecraft:fall_one_cm":14330,"minecraft:fly_one_cm":33649},"minecraft:mined":{"minecraft:tall_grass":1,"minecraft:short_grass":9,"minecraft:grass_block":12},"minecraft:picked_up":{"minecraft:leather":1,"minecraft:wheat_seeds":1,"minecraft:dirt":12}},"DataVersion":3700}