{"stats":{"minecraft:custom":{"minecraft:interact_with_furnace":71,"minecraft:mob_kills":58,"minecraft:interact_with_crafting_table":21,"minecraft:leave_game":7,"minecraft:time_since_death":36000,"minecraft:time_since_rest":34630,"minecraft:sprint_one_cm":143529,"minecraft:damage_taken":2659,"minecraft:walk_one_cm":140497,"minecraft:damage_blocked_by_shield":622,"minecraft:drop":34,"minecraft:damage_dealt":8168,"minecraft:swim_one_cm":51400,"minecraft:fly_one_cm":231194,"minecraft:crouch_one_cm":17194,"minecraft:play_time":57330,"tombstone:undead_killed":19,"minecraft:deaths":6,"minecraft:sneak_time":5165,"minecraft:walk_under_water_one_cm":12881,"minecraft:jump":1222,"minecraft:walk_on_water_one_cm":4715,"minecraft:total_world_time":57330,"minecraft:fall_one_cm":46662},"minecraft:dropped":{"minecraft:stone_axe":1,"minecraft:wheat_seeds":2,"minecraft:stone_sword":1,"minecraft:feather":1,"tombstone:gift":1,"minecraft:rotten_flesh":1,"minecraft:leather":3,"minecraft:granite":18,"minecraft:dirt":9,"minecraft:gray_wool":1,"minecraft:iron_chestplate":1,"minecraft:andesite":7,"minecraft:wooden_axe":1,"minecraft:acacia_sapling":23,"minecraft:wooden_shovel":1,"tombstone:grave_dust":3,"minecraft:wooden_sword":1,"minecraft:spider_eye":1,"minecraft:sand":1,"minecraft:arrow":2,"minecraft:wooden_pickaxe":2,"minecraft:string":2,"minecraft:white_wool":7,"minecraft:black_wool":2,"minecraft:egg":1},"minecraft:crafted":{"minecraft:cooked_beef":1,"minecraft:wooden_sword":1,"minecraft:wooden_shovel":1,"minecraft:cooked_porkchop":23,"minecraft:crafting_table":3,"minecraft:cooked_chicken":3,"minecraft:wooden_pickaxe":2,"minecraft:iron_helmet":1,"minecraft:iron_sword":1,"minecraft:furnace":3,"minecraft:stone_axe":1,"minecraft:cooked_mutton":18,"minecraft:air":0,"minecraft:iron_boots":1,"minecraft:iron_chestplate":1,"minecraft:shield":1,"minecraft:iron_axe":1,"minecraft:stick":36,"minecraft:iron_ingot":37,"minecraft:iron_pickaxe":2,"minecraft:stone_pickaxe":1,"minecraft:wooden_axe":1,"minecraft:white_bed":1,"minecraft:stone_sword":1,"minecraft:iron_leggings":1,"minecraft:acacia_door":18,"minecraft:acacia_planks":88,"minecraft:torch":104,"minecraft:diamond_chestplate":1},"minecraft:killed_by":{"minecraft:skeleton":1,"minecraft:spider":1,"minecraft:zombie":3},"minecraft:picked_up":{"minecraft:crafting_table":4,"minecraft:feather":1,"minecraft:chicken":3,"minecraft:andesite":7,"minecraft:leather":3,"minecraft:gunpowder":2,"minecraft:dirt":18,"minecraft:acacia_door":3,"minecraft:bone":2,"minecraft:wheat_seeds":2,"minecraft:cobbled_deepslate":30,"minecraft:raw_gold":3,"minecraft:beef":1,"minecraft:iron_ingot":9,"minecraft:cooked_chicken":4,"minecraft:acacia_sapling":22,"minecraft:egg":1,"minecraft:furnace":14,"minecraft:stick":11,"minecraft:raw_iron":86,"minecraft:cooked_porkchop":5,"minecraft:torch":3,"minecraft:acacia_log":62,"minecraft:porkchop":28,"minecraft:sand":1,"tombstone:grave_dust":7,"minecraft:diorite":3,"minecraft:redstone":18,"minecraft:arrow":3,"minecraft:rotten_flesh":13,"minecraft:diamond":8,"minecraft:granite":18,"minecraft:gray_wool":1,"minecraft:emerald":4,"tombstone:magic_scroll":1,"minecraft:black_wool":2,"minecraft:mutton":18,"minecraft:coal":130,"minecraft:white_wool":10,"minecraft:cobblestone":179},"minecraft:broken":{"minecraft:iron_pickaxe":1},"minecraft:mined":{"minecraft:deepslate_redstone_ore":4,"minecraft:deepslate_diamond_ore":8,"minecraft:torch":1,"minecraft:crafting_table":4,"minecraft:granite":18,"minecraft:short_grass":20,"minecraft:acacia_log":57,"minecraft:emerald_ore":4,"minecraft:grass_block":13,"minecraft:cobblestone":51,"minecraft:tall_grass":3,"minecraft:deepslate_gold_ore":2,"minecraft:diorite":3,"minecraft:furnace":14,"minecraft:iron_ore":65,"minecraft:andesite":7,"minecraft:deepslate_iron_ore":22,"minecraft:coal_ore":50,"minecraft:sand":1,"minecraft:acacia_door":3,"minecraft:dirt":5,"minecraft:stone":133,"minecraft:gold_ore":1,"minecraft:deepslate":30},"minecraft:killed":{"minecraft:pig":15,"minecraft:spider":2,"minecraft:creeper":1,"minecraft:sheep":13,"minecraft:skeleton":2,"minecraft:zombie":17,"minecraft:chicken":3,"minecraft:cow":1},"minecraft:used":{"minecraft:cooked_mutton":5,"minecraft:stone_pickaxe":41,"minecraft:wooden_pickaxe":43,"minecraft:shield":9,"minecraft:iron_sword":147,"minecraft:wooden_shovel":5,"minecraft:rotten_flesh":1,"minecraft:cooked_chicken":4,"minecraft:torch":70,"minecraft:dirt":9,"minecraft:crafting_table":7,"minecraft:white_bed":1,"minecraft:wooden_axe":67,"minecraft:acacia_door":7,"minecraft:iron_pickaxe":329,"minecraft:stone_axe":6,"minecraft:wooden_sword":12,"minecraft:cobblestone":80,"minecraft:cooked_porkchop":8,"minecraft:furnace":17,"tombstone:gift":1}},"DataVersion":3700}