{"stats":{"minecraft:custom":{"minecraft:interact_with_furnace":34,"minecraft:mob_kills":8,"minecraft:interact_with_crafting_table":18,"minecraft:leave_game":7,"minecraft:time_since_death":12000,"minecraft:time_since_rest":10630,"minecraft:sprint_one_cm":65405,"minecraft:damage_taken":2010,"minecraft:walk_one_cm":63132,"minecraft:damage_blocked_by_shield":60,"minecraft:drop":17,"minecraft:damage_dealt":1808,"minecraft:swim_one_cm":51400,"minecraft:fly_one_cm":99792,"minecraft:crouch_one_cm":10577,"minecraft:play_time":33330,"tombstone:undead_killed":4,"minecraft:deaths":6,"minecraft:sneak_time":3397,"minecraft:walk_under_water_one_cm":12881,"minecraft:jump":512,"minecraft:walk_on_water_one_cm":4122,"minecraft:total_world_time":33330,"minecraft:fall_one_cm":24485},"minecraft:dropped":{"minecraft:stone_axe":1,"minecraft:stone_sword":1,"tombstone:gift":1,"minecraft:rotten_flesh":1,"minecraft:granite":18,"minecraft:dirt":8,"minecraft:andesite":7,"minecraft:wooden_axe":1,"minecraft:acacia_sapling":23,"minecraft:wooden_shovel":1,"tombstone:grave_dust":1,"minecraft:wooden_sword":1,"minecraft:spider_eye":1,"minecraft:arrow":2,"minecraft:wooden_pickaxe":2,"minecraft:string":2},"minecraft:crafted":{"minecraft:wooden_sword":1,"minecraft:wooden_shovel":1,"minecraft:crafting_table":2,"minecraft:wooden_pickaxe":2,"minecraft:iron_helmet":1,"minecraft:iron_sword":1,"minecraft:furnace":3,"minecraft:stone_axe":1,"minecraft:air":0,"minecraft:iron_boots":1,"minecraft:iron_chestplate":1,"minecraft:shield":1,"minecraft:iron_axe":1,"minecraft:stick":28,"minecraft:iron_ingot":37,"minecraft:iron_pickaxe":2,"minecraft:stone_pickaxe":1,"minecraft:wooden_axe":1,"minecraft:stone_sword":1,"minecraft:iron_leggings":1,"minecraft:acacia_door":18,"minecraft:acacia_planks":88,"minecraft:torch":56},"minecraft:killed_by":{"minecraft:skeleton":1,"minecraft:spider":1,"minecraft:zombie":3},"minecraft:picked_up":{"minecraft:crafting_table":4,"minecraft:andesite":7,"minecraft:leather":1,"minecraft:dirt":17,"minecraft:acacia_door":3,"minecraft:wheat_seeds":2,"minecraft:iron_ingot":8,"minecraft:cooked_chicken":4,"minecraft:acacia_sapling":22,"minecraft:furnace":10,"minecraft:stick":11,"minecraft:raw_iron":50,"minecraft:torch":1,"minecraft:acacia_log":62,"minecraft:sand":1,"tombstone:grave_dust":2,"minecraft:arrow":2,"minecraft:rotten_flesh":2,"minecraft:granite":18,"minecraft:coal":122,"minecraft:cobblestone":130},"minecraft:mined":{"minecraft:crafting_table":4,"minecraft:granite":18,"minecraft:short_grass":18,"minecraft:acacia_log":57,"minecraft:grass_block":13,"minecraft:cobblestone":9,"minecraft:tall_grass":1,"minecraft:furnace":10,"minecraft:iron_ore":53,"minecraft:andesite":7,"minecraft:coal_ore":50,"minecraft:sand":1,"minecraft:acacia_door":3,"minecraft:dirt":4,"minecraft:stone":127},"minecraft:killed":{"minecraft:spider":1,"minecraft:creeper":1,"minecraft:skeleton":1,"minecraft:zombie":3},"minecraft:used":{"minecraft:stone_pickaxe":41,"minecraft:wooden_pickaxe":43,"minecraft:shield":1,"minecraft:iron_sword":19,"minecraft:wooden_shovel":5,"minecraft:rotten_flesh":1,"minecraft:cooked_chicken":4,"minecraft:torch":23,"minecraft:dirt":9,"minecraft:crafting_table":6,"minecraft:wooden_axe":67,"minecraft:acacia_door":6,"minecraft:iron_pickaxe":191,"minecraft:stone_axe":6,"minecraft:wooden_sword":12,"minecraft:cobblestone":11,"minecraft:furnace":9,"tombstone:gift":1}},"DataVersion":3700}