{"stats":{"minecraft:custom":{"minecraft:interact_with_furnace":71,"minecraft:mob_kills":46,"minecraft:interact_with_crafting_table":18,"minecraft:leave_game":7,"minecraft:time_since_death":24000,"minecraft:time_since_rest":22630,"minecraft:sprint_one_cm":95703,"minecraft:damage_taken":2096,"minecraft:walk_one_cm":96876,"minecraft:damage_blocked_by_shield":60,"minecraft:drop":33,"minecraft:damage_dealt":5759,"minecraft:swim_one_cm":51400,"minecraft:fly_one_cm":162054,"minecraft:crouch_one_cm":12143,"minecraft:play_time":45330,"tombstone:undead_killed":10,"minecraft:deaths":6,"minecraft:sneak_time":4069,"minecraft:walk_under_water_one_cm":12881,"minecraft:jump":900,"minecraft:walk_on_water_one_cm":4216,"minecraft:total_world_time":45330,"minecraft:fall_one_cm":36647},"minecraft:dropped":{"minecraft:stone_axe":1,"minecraft:wheat_seeds":2,"minecraft:stone_sword":1,"minecraft:feather":1,"tombstone:gift":1,"minecraft:rotten_flesh":1,"minecraft:leather":3,"minecraft:granite":18,"minecraft:dirt":9,"minecraft:gray_wool":1,"minecraft:andesite":7,"minecraft:wooden_axe":1,"minecraft:acacia_sapling":23,"minecraft:wooden_shovel":1,"tombstone:grave_dust":3,"minecraft:wooden_sword":1,"minecraft:spider_eye":1,"minecraft:sand":1,"minecraft:arrow":2,"minecraft:wooden_pickaxe":2,"minecraft:string":2,"minecraft:white_wool":7,"minecraft:black_wool":2,"minecraft:egg":1},"minecraft:crafted":{"minecraft:cooked_beef":1,"minecraft:wooden_sword":1,"minecraft:wooden_shovel":1,"minecraft:cooked_porkchop":23,"minecraft:crafting_table":2,"minecraft:cooked_chicken":3,"minecraft:wooden_pickaxe":2,"minecraft:iron_helmet":1,"minecraft:iron_sword":1,"minecraft:furnace":3,"minecraft:stone_axe":1,"minecraft:cooked_mutton":18,"minecraft:air":0,"minecraft:iron_boots":1,"minecraft:iron_chestplate":1,"minecraft:shield":1,"minecraft:iron_axe":1,"minecraft:stick":28,"minecraft:iron_ingot":37,"minecraft:iron_pickaxe":2,"minecraft:stone_pickaxe":1,"minecraft:wooden_axe":1,"minecraft:stone_sword":1,"minecraft:iron_leggings":1,"minecraft:acacia_door":18,"minecraft:acacia_planks":88,"minecraft:torch":56},"minecraft:killed_by":{"minecraft:skeleton":1,"minecraft:spider":1,"minecraft:zombie":3},"minecraft:picked_up":{"minecraft:crafting_table":4,"minecraft:feather":1,"minecraft:chicken":3,"minecraft:andesite":7,"minecraft:leather":3,"minecraft:dirt":18,"minecraft:acacia_door":3,"minecraft:wheat_seeds":2,"minecraft:beef":1,"minecraft:iron_ingot":8,"minecraft:cooked_chicken":4,"minecraft:acacia_sapling":22,"minecraft:egg":1,"minecraft:furnace":14,"minecraft:stick":11,"minecraft:raw_iron":62,"minecraft:cooked_porkchop":5,"minecraft:torch":1,"minecraft:acacia_log":62,"minecraft:porkchop":28,"minecraft:sand":1,"tombstone:grave_dust":2,"minecraft:arrow":2,"minecraft:rotten_flesh":5,"minecraft:granite":18,"minecraft:gray_wool":1,"minecraft:black_wool":2,"minecraft:mutton":18,"minecraft:coal":130,"minecraft:white_wool":10,"minecraft:cobblestone":175},"minecraft:mined":{"minecraft:crafting_table":4,"minecraft:granite":18,"minecraft:short_grass":20,"minecraft:acacia_log":57,"minecraft:grass_block":13,"minecraft:cobblestone":49,"minecraft:tall_grass":3,"minecraft:furnace":14,"minecraft:iron_ore":61,"minecraft:andesite":7,"minecraft:coal_ore":50,"minecraft:sand":1,"minecraft:acacia_door":3,"minecraft:dirt":5,"minecraft:stone":131},"minecraft:used":{"minecraft:stone_pickaxe":41,"minecraft:wooden_pickaxe":43,"minecraft:shield":1,"minecraft:iron_sword":95,"minecraft:wooden_shovel":5,"minecraft:rotten_flesh":1,"minecraft:cooked_chicken":4,"minecraft:torch":32,"minecraft:dirt":9,"minecraft:crafting_table":6,"minecraft:wooden_axe":67,"minecraft:acacia_door":6,"minecraft:iron_pickaxe":247,"minecraft:stone_axe":6,"minecraft:wooden_sword":12,"minecraft:cobblestone":57,"minecraft:cooked_porkchop":3,"minecraft:furnace":13,"tombstone:gift":1},"minecraft:killed":{"minecraft:pig":15,"minecraft:spider":1,"minecraft:creeper":1,"minecraft:sheep":13,"minecraft:skeleton":1,"minecraft:zombie":9,"minecraft:chicken":3,"minecraft:cow":1}},"DataVersion":3700}