{"stats":{"minecraft:custom":{"minecraft:mob_kills":155,"minecraft:interact_with_crafting_table":29,"minecraft:leave_game":9,"minecraft:time_since_death":48592,"minecraft:sprint_one_cm":324552,"minecraft:walk_one_cm":320105,"minecraft:damage_blocked_by_shield":2314,"minecraft:drop":70,"minecraft:play_time":119904,"minecraft:deaths":7,"minecraft:sneak_time":14247,"minecraft:walk_under_water_one_cm":19852,"minecraft:jump":2773,"minecraft:walk_on_water_one_cm":22764,"minecraft:total_world_time":119904,"minecraft:interact_with_furnace":76,"minecraft:time_since_rest":48061,"minecraft:damage_taken":6258,"minecraft:damage_dealt":26716,"minecraft:swim_one_cm":54255,"minecraft:fly_one_cm":446853,"minecraft:crouch_one_cm":49346,"tombstone:undead_killed":75,"minecraft:fall_one_cm":80785},"minecraft:dropped":{"minecraft:iron_sword":1,"minecraft:wheat_seeds":2,"minecraft:weeping_vines":5,"minecraft:cobblestone":1,"minecraft:iron_helmet":1,"minecraft:feather":1,"minecraft:leather":3,"minecraft:granite":18,"minecraft:emerald":4,"minecraft:dirt":9,"minecraft:gray_wool":1,"minecraft:diorite":3,"minecraft:wooden_axe":1,"tombstone:grave_dust":16,"minecraft:iron_leggings":1,"minecraft:wooden_sword":1,"minecraft:sand":1,"minecraft:string":7,"minecraft:white_wool":7,"minecraft:acacia_planks":1,"minecraft:redstone":23,"minecraft:bone":2,"minecraft:gravel":6,"minecraft:stone_axe":1,"minecraft:stone_sword":1,"minecraft:cobbled_deepslate":1,"tombstone:gift":3,"minecraft:rotten_flesh":31,"minecraft:iron_boots":1,"minecraft:torchflower_seeds":6,"minecraft:pumpkin_seeds":2,"minecraft:gunpowder":4,"minecraft:bundle":4,"minecraft:iron_chestplate":2,"minecraft:andesite":7,"minecraft:beetroot_seeds":2,"minecraft:acacia_sapling":23,"minecraft:wooden_shovel":1,"minecraft:spider_eye":1,"minecraft:bow":1,"minecraft:arrow":2,"minecraft:wooden_pickaxe":2,"minecraft:stone_pickaxe":1,"minecraft:netherrack":1,"minecraft:black_wool":2,"minecraft:egg":1},"minecraft:crafted":{"minecraft:wooden_sword":1,"minecraft:blaze_powder":18,"minecraft:cooked_chicken":3,"minecraft:furnace":4,"minecraft:bone_meal":57,"minecraft:cooked_mutton":18,"minecraft:flint_and_steel":1,"minecraft:diamond_helmet":1,"minecraft:diamond_leggings":1,"minecraft:iron_boots":1,"minecraft:iron_axe":1,"minecraft:stone_pickaxe":1,"minecraft:diamond_boots":1,"minecraft:golden_helmet":1,"minecraft:cooked_beef":1,"minecraft:crimson_planks":96,"minecraft:wooden_shovel":1,"minecraft:diamond_sword":1,"minecraft:cooked_porkchop":23,"minecraft:crafting_table":6,"minecraft:wooden_pickaxe":2,"minecraft:iron_helmet":1,"minecraft:iron_sword":1,"minecraft:bucket":1,"minecraft:stone_axe":1,"minecraft:air":0,"minecraft:iron_chestplate":1,"minecraft:diamond_pickaxe":1,"minecraft:shield":1,"minecraft:stick":60,"minecraft:iron_ingot":37,"minecraft:iron_pickaxe":2,"minecraft:wooden_axe":1,"minecraft:gold_ingot":5,"minecraft:stone_sword":1,"minecraft:iron_shovel":1,"minecraft:acacia_door":18,"minecraft:iron_leggings":1,"minecraft:white_bed":1,"minecraft:acacia_planks":108,"minecraft:torch":164,"minecraft:diamond_chestplate":1},"minecraft:killed_by":{"minecraft:spider":1,"minecraft:warden":1,"minecraft:skeleton":1,"minecraft:zombie":3},"minecraft:picked_up":{"minecraft:crafting_table":4,"minecraft:iron_chestplate":1,"minecraft:chicken":3,"minecraft:crimson_planks":12,"minecraft:golden_sword":1,"minecraft:string":5,"minecraft:acacia_door":3,"minecraft:shroomlight":4,"minecraft:gold_nugget":2,"minecraft:cobbled_deepslate":75,"minecraft:beef":1,"minecraft:egg":1,"minecraft:furnace":15,"minecraft:stick":11,"minecraft:raw_iron":91,"minecraft:torch":3,"minecraft:acacia_log":62,"minecraft:porkchop":28,"tombstone:grave_dust":17,"minecraft:diorite":3,"minecraft:carrot":1,"minecraft:redstone":23,"minecraft:weeping_vines":5,"minecraft:arrow":18,"minecraft:rotten_flesh":33,"minecraft:beetroot_seeds":1,"minecraft:nether_bricks":32,"minecraft:blaze_rod":9,"minecraft:mutton":18,"minecraft:white_wool":10,"minecraft:cobblestone":185,"minecraft:feather":1,"minecraft:crimson_stem":24,"minecraft:andesite":7,"minecraft:leather":4,"minecraft:flint":1,"minecraft:nether_wart_block":106,"minecraft:gunpowder":4,"minecraft:dirt":18,"minecraft:bone":24,"minecraft:bow":1,"minecraft:wheat_seeds":2,"minecraft:raw_gold":15,"minecraft:iron_ingot":9,"minecraft:cooked_chicken":4,"tombstone:bag_of_seeds":1,"minecraft:acacia_sapling":22,"minecraft:cooked_porkchop":21,"minecraft:gravel":25,"minecraft:torchflower_seeds":3,"minecraft:sand":1,"minecraft:bundle":4,"minecraft:diamond":29,"minecraft:granite":18,"minecraft:gray_wool":1,"minecraft:emerald":4,"minecraft:netherrack":5,"tombstone:magic_scroll":1,"minecraft:black_wool":2,"minecraft:coal":153},"minecraft:broken":{"minecraft:shield":1,"minecraft:iron_axe":1,"minecraft:iron_pickaxe":1},"minecraft:mined":{"minecraft:deepslate_diamond_ore":29,"minecraft:sculk_vein":3,"minecraft:nether_bricks":36,"minecraft:granite":18,"minecraft:acacia_log":57,"minecraft:grass_block":13,"minecraft:spawner":1,"minecraft:crimson_stem":36,"minecraft:weeping_vines_plant":1,"minecraft:sculk_catalyst":1,"minecraft:furnace":15,"minecraft:fire":26,"minecraft:iron_ore":66,"minecraft:cobbled_deepslate":2,"minecraft:andesite":7,"minecraft:shroomlight":5,"minecraft:deepslate_iron_ore":26,"minecraft:stone":133,"minecraft:deepslate_redstone_ore":5,"minecraft:soul_fire":2,"minecraft:crafting_table":4,"minecraft:torch":2,"minecraft:short_grass":20,"minecraft:emerald_ore":4,"minecraft:sculk_sensor":7,"minecraft:tall_grass":3,"minecraft:cobblestone":57,"minecraft:deepslate_gold_ore":9,"minecraft:sculk":6,"minecraft:diorite":3,"minecraft:nether_wart_block":214,"minecraft:coal_ore":50,"minecraft:gravel":26,"minecraft:sand":1,"minecraft:acacia_door":3,"minecraft:dirt":5,"minecraft:crimson_planks":12,"minecraft:netherrack":16,"minecraft:gold_ore":1,"minecraft:deepslate":77},"minecraft:killed":{"minecraft:zombified_piglin":4,"minecraft:spider":6,"minecraft:skeleton":20,"minecraft:chicken":3,"minecraft:pig":15,"minecraft:zombie_villager":1,"minecraft:hoglin":5,"minecraft:creeper":2,"minecraft:sheep":13,"minecraft:zombie":44,"minecraft:wither_skeleton":6,"minecraft:blaze":29,"minecraft:cow":1},"minecraft:used":{"minecraft:iron_shovel":20,"minecraft:flint_and_steel":15,"minecraft:shield":46,"minecraft:iron_sword":183,"minecraft:wooden_shovel":5,"minecraft:cooked_chicken":7,"minecraft:rotten_flesh":1,"minecraft:torch":158,"minecraft:dirt":9,"minecraft:wooden_axe":67,"minecraft:lava_bucket":14,"minecraft:iron_axe":255,"minecraft:crimson_planks":104,"minecraft:furnace":18,"tombstone:gift":1,"minecraft:cooked_beef":1,"minecraft:cobbled_deepslate":48,"minecraft:cooked_mutton":18,"minecraft:water_bucket":7,"minecraft:stone_pickaxe":41,"minecraft:wooden_pickaxe":43,"minecraft:crafting_table":10,"minecraft:white_bed":1,"tombstone:bag_of_seeds":1,"minecraft:diamond_pickaxe":74,"minecraft:acacia_door":7,"minecraft:iron_pickaxe":408,"tombstone:magic_scroll":8,"minecraft:gravel":19,"minecraft:stone_axe":6,"minecraft:nether_wart_block":32,"minecraft:diamond_sword":315,"minecraft:wooden_sword":12,"minecraft:cobblestone":153,"minecraft:cooked_porkchop":34,"minecraft:bucket":22}},"DataVersion":3700}