{"stats":{"minecraft:custom":{"minecraft:time_since_rest":4571,"minecraft:sprint_one_cm":30070,"minecraft:damage_taken":1363,"minecraft:walk_one_cm":19012,"minecraft:mob_kills":3,"minecraft:drop":6,"minecraft:damage_dealt":818,"minecraft:swim_one_cm":18984,"minecraft:interact_with_crafting_table":5,"minecraft:fly_one_cm":71795,"minecraft:crouch_one_cm":1856,"minecraft:play_time":15330,"minecraft:deaths":5,"minecraft:sneak_time":696,"minecraft:walk_under_water_one_cm":4711,"minecraft:jump":309,"minecraft:leave_game":7,"minecraft:walk_on_water_one_cm":2458,"minecraft:time_since_death":5229,"minecraft:total_world_time":15330,"minecraft:fall_one_cm":19193},"minecraft:dropped":{"minecraft:wooden_axe":1,"tombstone:gift":1,"minecraft:spider_eye":1,"minecraft:wooden_sword":1,"minecraft:wooden_pickaxe":1,"minecraft:string":2},"minecraft:crafted":{"minecraft:wooden_sword":1,"minecraft:crafting_table":1,"minecraft:stick":24,"minecraft:wooden_pickaxe":1,"minecraft:stone_pickaxe":1,"minecraft:wooden_axe":1,"minecraft:stone_sword":1,"minecraft:acacia_door":18,"minecraft:acacia_planks":76,"minecraft:torch":56,"minecraft:stone_axe":1},"minecraft:killed_by":{"minecraft:skeleton":1,"minecraft:spider":1,"minecraft:zombie":2},"minecraft:picked_up":{"minecraft:raw_iron":6,"minecraft:stick":11,"minecraft:crafting_table":2,"minecraft:leather":1,"minecraft:acacia_log":59,"minecraft:acacia_door":1,"minecraft:dirt":12,"minecraft:wheat_seeds":2,"minecraft:cooked_chicken":4,"minecraft:acacia_sapling":22,"minecraft:coal":31,"minecraft:cobblestone":15,"minecraft:furnace":1},"minecraft:mined":{"minecraft:furnace":1,"minecraft:iron_ore":6,"minecraft:crafting_table":2,"minecraft:short_grass":17,"minecraft:acacia_log":54,"minecraft:grass_block":12,"minecraft:acacia_door":1,"minecraft:tall_grass":1,"minecraft:stone":16},"minecraft:killed":{"minecraft:spider":1},"minecraft:used":{"minecraft:wooden_axe":67,"minecraft:acacia_door":3,"minecraft:stone_pickaxe":8,"minecraft:wooden_pickaxe":15,"minecraft:stone_axe":2,"minecraft:torch":1,"minecraft:wooden_sword":12,"minecraft:crafting_table":2}},"DataVersion":3700}