{"stats":{"minecraft:custom":{"minecraft:time_since_rest":15864,"minecraft:crouch_one_cm":541,"minecraft:play_time":15864,"minecraft:sprint_one_cm":40505,"minecraft:damage_taken":67,"minecraft:walk_one_cm":44062,"minecraft:sneak_time":110,"minecraft:walk_under_water_one_cm":103,"minecraft:drop":1,"minecraft:jump":222,"minecraft:time_since_death":15864,"minecraft:walk_on_water_one_cm":1245,"minecraft:total_world_time":15864,"minecraft:swim_one_cm":1081,"minecraft:interact_with_crafting_table":2,"minecraft:fall_one_cm":5920,"minecraft:fly_one_cm":33512},"minecraft:dropped":{"minecraft:wheat_seeds":1},"minecraft:crafted":{"minecraft:oak_planks":4,"minecraft:crafting_table":1},"minecraft:picked_up":{"minecraft:crafting_table":1,"minecraft:stick":3,"minecraft:wheat_seeds":2,"minecraft:acacia_log":17,"minecraft:sand":54,"minecraft:oak_log":5,"minecraft:oak_sapling":2,"minecraft:acacia_sapling":1},"minecraft:mined":{"minecraft:short_grass":3,"minecraft:acacia_log":17,"minecraft:oak_log":5,"minecraft:sand":55,"minecraft:tall_grass":2,"minecraft:oak_leaves":1,"minecraft:crafting_table":1},"minecraft:used":{"minecraft:crafting_table":2}},"DataVersion":3700}