{"stats":{"minecraft:custom":{"minecraft:time_since_rest":45864,"minecraft:interact_with_furnace":8,"minecraft:sprint_one_cm":73547,"minecraft:damage_taken":207,"minecraft:walk_one_cm":149942,"minecraft:mob_kills":4,"minecraft:drop":2,"minecraft:damage_dealt":341,"minecraft:interact_with_crafting_table":8,"minecraft:swim_one_cm":1081,"minecraft:fly_one_cm":67136,"minecraft:crouch_one_cm":991,"minecraft:play_time":45864,"minecraft:sneak_time":179,"minecraft:walk_under_water_one_cm":248,"minecraft:jump":679,"minecraft:walk_on_water_one_cm":4568,"minecraft:time_since_death":45864,"minecraft:total_world_time":45864,"minecraft:fall_one_cm":13589},"minecraft:dropped":{"minecraft:wheat_seeds":1,"minecraft:stone_pickaxe":1},"minecraft:crafted":{"minecraft:oak_planks":8,"minecraft:crafting_table":1,"minecraft:cooked_chicken":2,"minecraft:wooden_pickaxe":1,"minecraft:stone_pickaxe":1,"minecraft:stone_sword":1,"minecraft:furnace":1,"minecraft:stone":1,"minecraft:cooked_mutton":2},"minecraft:picked_up":{"minecraft:raw_iron":1,"minecraft:stick":5,"minecraft:crafting_table":5,"minecraft:feather":1,"minecraft:chicken":2,"minecraft:acacia_log":17,"minecraft:gravel":1,"minecraft:sand":54,"minecraft:oak_log":5,"minecraft:dirt":9,"minecraft:raw_copper":4,"minecraft:wheat_seeds":2,"minecraft:stone_pickaxe":1,"minecraft:oak_sapling":4,"minecraft:mutton":2,"minecraft:acacia_sapling":1,"minecraft:coal":24,"minecraft:egg":1,"minecraft:white_wool":2,"minecraft:cobblestone":36,"minecraft:furnace":5},"minecraft:broken":{"minecraft:wooden_pickaxe":1},"minecraft:mined":{"minecraft:furnace":5,"minecraft:iron_ore":1,"minecraft:crafting_table":5,"minecraft:short_grass":8,"minecraft:acacia_log":17,"minecraft:grass_block":4,"minecraft:oak_log":5,"minecraft:coal_ore":25,"minecraft:dirt":5,"minecraft:gravel":1,"minecraft:sand":55,"minecraft:copper_ore":1,"minecraft:tall_grass":3,"minecraft:stone":36,"minecraft:oak_leaves":2},"minecraft:killed":{"minecraft:sheep":2,"minecraft:chicken":2},"minecraft:used":{"minecraft:cooked_mutton":2,"minecraft:stone_sword":24,"minecraft:stone_pickaxe":23,"minecraft:wooden_pickaxe":61,"minecraft:cooked_chicken":2,"minecraft:dirt":5,"minecraft:crafting_table":5,"minecraft:furnace":5}},"DataVersion":3700}