{"stats":{"minecraft:custom":{"minecraft:time_since_rest":69864,"minecraft:interact_with_furnace":14,"minecraft:sprint_one_cm":129368,"minecraft:damage_taken":287,"minecraft:walk_one_cm":221688,"minecraft:mob_kills":5,"minecraft:drop":2,"minecraft:damage_dealt":421,"minecraft:interact_with_crafting_table":8,"minecraft:swim_one_cm":1272,"minecraft:fly_one_cm":134992,"minecraft:crouch_one_cm":3582,"minecraft:play_time":69864,"minecraft:sneak_time":3540,"minecraft:walk_under_water_one_cm":1507,"minecraft:jump":1270,"minecraft:walk_on_water_one_cm":9927,"minecraft:time_since_death":69864,"minecraft:total_world_time":69864,"minecraft:fall_one_cm":25112},"minecraft:dropped":{"minecraft:wheat_seeds":1,"minecraft:stone_pickaxe":1},"minecraft:crafted":{"minecraft:oak_planks":8,"minecraft:crafting_table":1,"minecraft:cooked_chicken":2,"minecraft:wooden_pickaxe":1,"minecraft:stone_pickaxe":1,"minecraft:stone_sword":1,"minecraft:furnace":1,"minecraft:stone":1,"minecraft:cooked_mutton":4},"minecraft:picked_up":{"minecraft:raw_iron":1,"minecraft:stick":5,"minecraft:crafting_table":5,"minecraft:feather":1,"minecraft:chicken":2,"minecraft:acacia_log":17,"minecraft:gravel":1,"minecraft:sand":54,"minecraft:oak_log":5,"minecraft:dirt":18,"minecraft:raw_copper":4,"minecraft:wheat_seeds":2,"minecraft:stone_pickaxe":1,"minecraft:oak_sapling":4,"minecraft:mutton":4,"minecraft:acacia_sapling":1,"minecraft:coal":24,"minecraft:egg":2,"minecraft:white_wool":3,"minecraft:cobblestone":36,"minecraft:furnace":7},"minecraft:broken":{"minecraft:wooden_pickaxe":1},"minecraft:mined":{"minecraft:acacia_leaves":4,"minecraft:furnace":7,"minecraft:iron_ore":1,"minecraft:crafting_table":5,"minecraft:short_grass":12,"minecraft:acacia_log":17,"minecraft:grass_block":9,"minecraft:oak_log":5,"minecraft:coal_ore":25,"minecraft:dirt":9,"minecraft:gravel":1,"minecraft:sand":55,"minecraft:copper_ore":1,"minecraft:tall_grass":3,"minecraft:stone":36,"minecraft:oak_leaves":2},"minecraft:killed":{"minecraft:sheep":3,"minecraft:chicken":2},"minecraft:used":{"minecraft:oak_log":3,"minecraft:cooked_mutton":4,"minecraft:stone_sword":29,"minecraft:stone_pickaxe":37,"minecraft:wooden_pickaxe":61,"minecraft:gravel":1,"minecraft:cooked_chicken":2,"minecraft:sand":45,"minecraft:dirt":18,"minecraft:crafting_table":5,"minecraft:furnace":7,"minecraft:egg":2}},"DataVersion":3700}