{"stats":{"minecraft:custom":{"minecraft:time_since_rest":1,"minecraft:damage_taken":1642,"minecraft:walk_one_cm":391930,"minecraft:interact_with_furnace":17,"minecraft:sprint_one_cm":307283,"minecraft:mob_kills":9,"minecraft:drop":2,"minecraft:damage_dealt":734,"minecraft:swim_one_cm":6892,"minecraft:interact_with_crafting_table":8,"minecraft:fly_one_cm":484432,"minecraft:crouch_one_cm":5911,"minecraft:play_time":139681,"minecraft:deaths":5,"minecraft:sneak_time":6150,"minecraft:walk_under_water_one_cm":4111,"minecraft:jump":3501,"minecraft:leave_game":2,"minecraft:time_since_death":1125,"minecraft:walk_on_water_one_cm":28744,"minecraft:total_world_time":139681,"minecraft:fall_one_cm":83750,"minecraft:climb_one_cm":197},"minecraft:dropped":{"minecraft:wheat_seeds":1,"minecraft:stone_pickaxe":1},"minecraft:crafted":{"minecraft:oak_planks":8,"minecraft:crafting_table":1,"minecraft:wooden_pickaxe":1,"minecraft:cooked_chicken":3,"minecraft:stone_pickaxe":1,"minecraft:stone_sword":1,"minecraft:furnace":1,"minecraft:stone":1,"minecraft:cooked_mutton":8},"minecraft:killed_by":{"minecraft:skeleton":1,"minecraft:zombie":1},"minecraft:picked_up":{"minecraft:crafting_table":5,"minecraft:stick":5,"minecraft:raw_iron":21,"minecraft:feather":1,"minecraft:chicken":3,"minecraft:torch":1,"minecraft:acacia_log":22,"minecraft:gravel":1,"minecraft:sand":54,"minecraft:oak_log":5,"minecraft:dirt":24,"minecraft:raw_copper":4,"minecraft:wheat_seeds":4,"minecraft:stone_pickaxe":1,"minecraft:light_gray_wool":1,"minecraft:oak_sapling":6,"minecraft:mutton":8,"minecraft:acacia_sapling":1,"minecraft:coal":24,"minecraft:furnace":9,"minecraft:white_wool":5,"minecraft:cobblestone":69,"minecraft:egg":3},"minecraft:broken":{"minecraft:wooden_pickaxe":1},"minecraft:mined":{"minecraft:acacia_leaves":6,"minecraft:coarse_dirt":1,"minecraft:furnace":9,"minecraft:iron_ore":21,"minecraft:crafting_table":5,"minecraft:short_grass":14,"minecraft:acacia_log":22,"minecraft:grass_block":15,"minecraft:oak_log":5,"minecraft:coal_ore":25,"minecraft:sand":55,"minecraft:gravel":1,"minecraft:dirt":9,"minecraft:tall_grass":3,"minecraft:copper_ore":1,"minecraft:stone":69,"minecraft:wall_torch":1,"minecraft:fern":2,"minecraft:oak_leaves":12},"minecraft:killed":{"minecraft:sheep":6,"minecraft:chicken":3},"minecraft:used":{"minecraft:cooked_mutton":8,"minecraft:oak_log":3,"minecraft:stone_sword":50,"minecraft:acacia_log":20,"minecraft:stone_pickaxe":96,"minecraft:wooden_pickaxe":61,"minecraft:gravel":1,"minecraft:cooked_chicken":3,"minecraft:sand":54,"minecraft:dirt":21,"minecraft:crafting_table":5,"minecraft:furnace":9,"minecraft:egg":3}},"DataVersion":3700}