{"stats":{"minecraft:custom":{"minecraft:time_since_rest":27864,"minecraft:interact_with_furnace":1,"minecraft:sprint_one_cm":40505,"minecraft:damage_taken":77,"minecraft:walk_one_cm":106704,"minecraft:drop":1,"minecraft:interact_with_crafting_table":8,"minecraft:swim_one_cm":1081,"minecraft:fly_one_cm":33648,"minecraft:crouch_one_cm":831,"minecraft:play_time":27864,"minecraft:sneak_time":160,"minecraft:walk_under_water_one_cm":103,"minecraft:jump":325,"minecraft:walk_on_water_one_cm":4260,"minecraft:time_since_death":27864,"minecraft:total_world_time":27864,"minecraft:fall_one_cm":8554},"minecraft:dropped":{"minecraft:wheat_seeds":1},"minecraft:crafted":{"minecraft:oak_planks":8,"minecraft:crafting_table":1,"minecraft:wooden_pickaxe":1,"minecraft:stone_pickaxe":1,"minecraft:stone_sword":1,"minecraft:furnace":1,"minecraft:stone":1},"minecraft:picked_up":{"minecraft:stick":5,"minecraft:crafting_table":5,"minecraft:acacia_log":17,"minecraft:gravel":1,"minecraft:sand":54,"minecraft:oak_log":5,"minecraft:wheat_seeds":2,"minecraft:oak_sapling":4,"minecraft:acacia_sapling":1,"minecraft:coal":24,"minecraft:cobblestone":32},"minecraft:broken":{"minecraft:wooden_pickaxe":1},"minecraft:mined":{"minecraft:crafting_table":5,"minecraft:short_grass":4,"minecraft:acacia_log":17,"minecraft:oak_log":5,"minecraft:coal_ore":25,"minecraft:gravel":1,"minecraft:sand":55,"minecraft:tall_grass":3,"minecraft:stone":32,"minecraft:oak_leaves":1},"minecraft:used":{"minecraft:stone_pickaxe":3,"minecraft:wooden_pickaxe":61,"minecraft:crafting_table":5,"minecraft:furnace":1}},"DataVersion":3700}