{"stats":{"minecraft:custom":{"minecraft:time_since_rest":2207,"minecraft:interact_with_furnace":14,"minecraft:sprint_one_cm":150000,"minecraft:damage_taken":552,"minecraft:walk_one_cm":228406,"minecraft:mob_kills":5,"minecraft:drop":2,"minecraft:damage_dealt":421,"minecraft:interact_with_crafting_table":8,"minecraft:swim_one_cm":1272,"minecraft:fly_one_cm":183218,"minecraft:crouch_one_cm":4405,"minecraft:play_time":75407,"minecraft:deaths":1,"minecraft:sneak_time":4062,"minecraft:walk_under_water_one_cm":1507,"minecraft:jump":1510,"minecraft:walk_on_water_one_cm":9927,"minecraft:time_since_death":4606,"minecraft:total_world_time":75407,"minecraft:fall_one_cm":32955},"minecraft:dropped":{"minecraft:wheat_seeds":1,"minecraft:stone_pickaxe":1},"minecraft:crafted":{"minecraft:oak_planks":8,"minecraft:crafting_table":1,"minecraft:cooked_chicken":2,"minecraft:wooden_pickaxe":1,"minecraft:stone_pickaxe":1,"minecraft:stone_sword":1,"minecraft:furnace":1,"minecraft:stone":1,"minecraft:cooked_mutton":4},"minecraft:killed_by":{"minecraft:skeleton":1},"minecraft:picked_up":{"minecraft:raw_iron":1,"minecraft:stick":5,"minecraft:crafting_table":5,"minecraft:feather":1,"minecraft:chicken":2,"minecraft:acacia_log":18,"minecraft:gravel":1,"minecraft:sand":54,"minecraft:oak_log":5,"minecraft:dirt":21,"minecraft:raw_copper":4,"minecraft:wheat_seeds":2,"minecraft:stone_pickaxe":1,"minecraft:oak_sapling":6,"minecraft:mutton":4,"minecraft:acacia_sapling":1,"minecraft:coal":24,"minecraft:egg":2,"minecraft:white_wool":3,"minecraft:cobblestone":36,"minecraft:furnace":7},"minecraft:broken":{"minecraft:wooden_pickaxe":1},"minecraft:mined":{"minecraft:acacia_leaves":4,"minecraft:furnace":7,"minecraft:iron_ore":1,"minecraft:crafting_table":5,"minecraft:short_grass":12,"minecraft:acacia_log":18,"minecraft:grass_block":12,"minecraft:oak_log":5,"minecraft:coal_ore":25,"minecraft:dirt":9,"minecraft:gravel":1,"minecraft:sand":55,"minecraft:copper_ore":1,"minecraft:tall_grass":3,"minecraft:stone":36,"minecraft:oak_leaves":12},"minecraft:killed":{"minecraft:sheep":3,"minecraft:chicken":2},"minecraft:used":{"minecraft:oak_log":3,"minecraft:cooked_mutton":4,"minecraft:stone_sword":29,"minecraft:acacia_log":10,"minecraft:stone_pickaxe":37,"minecraft:wooden_pickaxe":61,"minecraft:gravel":1,"minecraft:cooked_chicken":2,"minecraft:sand":47,"minecraft:dirt":21,"minecraft:crafting_table":5,"minecraft:furnace":7,"minecraft:egg":2}},"DataVersion":3700}