{
  "tombstone:recipes/from_grave_key": {
    "criteria": {
      "has_ingredient": "2024-07-17 06:41:05 +0000"
    },
    "done": true
  },
  "tombstone:adventure/first_grave": {
    "criteria": {
      "coded_trigger": "2024-07-17 06:41:04 +0000"
    },
    "done": true
  },
  "minecraft:recipes/misc/charcoal": {
    "criteria": {
      "has_log": "2024-07-17 06:40:17 +0000"
    },
    "done": true
  },
  "minecraft:recipes/decorations/crafting_table": {
    "criteria": {
      "unlock_right_away": "2024-07-17 06:38:54 +0000"
    },
    "done": true
  },
  "minecraft:adventure/root": {
    "criteria": {
      "killed_by_something": "2024-07-17 06:41:04 +0000"
    },
    "done": true
  },
  "minecraft:recipes/building_blocks/acacia_wood": {
    "criteria": {
      "has_log": "2024-07-17 06:40:17 +0000"
    },
    "done": true
  },
  "minecraft:adventure/adventuring_time": {
    "criteria": {
      "minecraft:flower_forest": "2024-07-17 06:41:01 +0000",
      "minecraft:savanna_plateau": "2024-07-17 06:39:16 +0000",
      "minecraft:stony_peaks": "2024-07-17 06:38:55 +0000",
      "minecraft:savanna": "2024-07-17 06:39:29 +0000"
    },
    "done": false
  },
  "tombstone:adventure/cancel_ghostly_shape": {
    "criteria": {
      "coded_trigger": "2024-07-17 06:41:50 +0000"
    },
    "done": true
  },
  "tombstone:adventure/root": {
    "criteria": {
      "auto": "2024-07-17 06:38:55 +0000"
    },
    "done": true
  },
  "minecraft:recipes/building_blocks/acacia_planks": {
    "criteria": {
      "has_log": "2024-07-17 06:40:17 +0000"
    },
    "done": true
  },
  "DataVersion": 3700
}